Workbook

Sheet How to use
B1: PAMsim simulation planner
B2: Plan your simulations here, then type the values into PAMsim (or Sim.m).
B4: How it works
B5: • Sheet 'Simulations': ONE ROW PER SIMULATION. Left: identification and measurement settings.
B6: • Then 6 species blocks side by side (Species 1, Species 2, ...). Each species has its own name, D, number of
B7: molecules N, brightness and lifetime per colour, and FRET (type and dye distances R). Leave unused species blocks empty.
B8: • Brightness 0 = this species carries no dye of that colour (e.g. a green-red complex: B1 = 0, B2 = 70, B3 = 50).
B9: • Focus per colour: each colour (laser) has its own focus size wr / wz and position dX / dY / dZ (0 = foci overlap).
B10: • FRET: Förster radii R0 are set once per simulation (purple block); per species choose FRET type and distances R.
B11: The FRET efficiency E = 1 / (1 + (R/R0)^6) is calculated for you (grey cells).
B12: • Grey cells are calculated: concentration, FRET efficiency, a check per species, expected count rates, photons, memory.
B13: • Use the + / - buttons above the columns (Excel grouping) to fold species blocks away.
... B37: More than 6 species? Run python make_planner.py --species 10 -o new_planner.xlsx (see the README).

Sheet Column guide
A1: Column | B1: Meaning | C1: Unit | D1: Required? | E1: If left blank
A2: Identification
A3: Sim ID | B3: Unique short name of the simulation (e.g. S12) | C3: - | D3: Required | E3: row is skipped
A4: File name | B4: Name of the simulation: folder <Output folder>/<name>/ with files <name>_1.sim, ... | C4: - | D4: Optional | E4: the Sim ID
A5: Purpose / question | B5: What you want to learn from this simulation | C5: - | D5: Not used | E5: -
A6: Output folder | B6: Main folder; each simulation gets its own subfolder (created automatically) | C6: - | D6: Optional | E6: PAMsim's output folder
A7: Status, Priority | B7: Your bookkeeping | C7: - | D7: Not used | E7: -
A8: Measurement
A9: Box x, y, z | B9: Size of the simulation box; z = 0 gives 2D (membrane) | C9: nm | D9: Optional | E9: 5000 each
A10: Sampling freq. | B10: Time resolution of the random walk (time step = 1/frequency) | C10: kHz | D10: Optional | E10: 1000
A11: Duration | B11: Simulated measurement time per file | C11: s | D11: Required | E11: 10
A12: Frames | B12: Number of frames (relevant for scanning) | C12: - | D12: Optional | E12: 1
A13: Microtime range | B13: TCSPC range (PIE period) | C13: ns | D13: Optional | E13: 80
A14: Scan type | B14: Point / Raster scan / Line scan / Circle scan | C14: - | D14: Optional | E14: Point
A15: Colours | B15: Number of colours = PIE lasers = detection channels (1-3) | C15: - | D15: Required | E15: 1 (brightness 2/3 ignored!)
A16: Background? / Background | B16: Uncorrelated background and its count rate per channel | C16: kHz | D16: Optional | E16: No / 0
A17: IRF? / IRF width | B17: Simulate an instrument response function | C17: ps | D17: Optional | E17: No / 250
A18: Focus per colour and Förster radii
A19: wr 1/2/3 | B19: Lateral 1/e² radius of the focus of each colour (laser) | C19: nm | D19: Optional | E19: 200
A20: wz 1/2/3 | B20: Axial 1/e² radius of the focus of each colour (laser) | C20: nm | D20: Optional | E20: 1000
A21: dX, dY, dZ 1/2/3 | B21: Shift of each colour's focus from the box centre (focus overlap for FCCS) | C21: nm | D21: Optional | E21: 0
A22: R0 1→2, 1→3, 2→3 | B22: Förster radius per dye pair (donor colour → acceptor colour) | C22: Å or nm | D22: Optional | E22: 63, 51, 68
A23: Species blocks (one block per species; leave unused blocks empty)
A24: Name | B24: Name of the species | C24: - | D24: Optional | E24: Species 1, 2, ...
A25: D | B25: Diffusion coefficient | C25: µm²/s | D25: Required | E25: 1
A26: Molecules N | B26: Number of molecules in the box | C26: - | D26: Required | E26: 0 = species absent
A27: Brightness 1/2/3 | B27: Count rate of one molecule in the focus centre per colour; 0 = no dye of this colour | C27: kHz | D27: Required | E27: 0
A28: Lifetime 1/2/3 | B28: Fluorescence lifetime per colour | C28: ns | D28: Optional | E28: 4
A29: FRET | B29: No FRET / Static FRET / Dynamic FRET | C29: - | D29: Optional | E29: No FRET
A30: R 1→2, 1→3, 2→3 | B30: Dye distance for FRET between two colours; only dyes with brightness > 0 take part | C30: Å or nm | D30: Optional | E30: no FRET for this pair
A31: E, Conc., Check (grey) | B31: FRET efficiency 1/(1+(R/R0)^6), concentration, check of the species | C31: -, nM | D31: Calculated | E31: -
A32: Totals, output and results
A33: Exp. rates, Photons, Memory, Check (grey) | B33: Expected count rate per channel (incl. saturation), photons and memory per file, overall check | C33: kHz, M, GB | D33: Calculated | E33: -
A34: Number of files | B34: Independent repeats with the same parameters | C34: - | D34: Optional | E34: 1
A35: Seed | B35: Random seed; file k uses seed + k - 1 | C35: - | D35: Optional | E35: random
A36: Format | B36: .sim (PAM) / .npz / both | C36: - | D36: Optional | E36: .sim
A37: Date run ... Result notes | B37: Your notes after running and analysing | C37: - | D37: Not used | E37: -
A39: Not in the planner (set them in PAMsim after 'Load into editor'): crosstalk, detection efficiency, bleaching, anisotropy, dynamic FRET rates, barrier maps.
A40: Full explanation: planning/PAMsim_planner_guide.docx

Sheet Simulations
A1: Identification | G1: Measurement | T1: Focus per colour | AI1: Förster radii R0 | AL1: Species 1 | BD1: Species 2 | BV1: Species 3 | CN1: Species 4 | DF1: Species 5 | DX1: Species 6 | EP1: Totals and checks (automatic) | EX1: Output | FA1: Results
A3: Sim ID | B3: File name | C3: Purpose / question | D3: Output folder | E3: Status | F3: Priority | G3: Box x [nm] | H3: Box y [nm] | I3: Box z [nm] | J3: Sampling freq. [kHz] | K3: Duration [s] | L3: Frames | M3: Microtime range [ns] | N3: Scan type | O3: Colours | P3: Background? | Q3: Background [kHz/ch] | R3: IRF? | S3: IRF width [ps] | T3: wr 1 [nm] | U3: wr 2 [nm] | V3: wr 3 [nm] | W3: wz 1 [nm] | X3: wz 2 [nm] | Y3: wz 3 [nm] | Z3: dX 1 [nm] | AA3: dX 2 [nm] | AB3: dX 3 [nm] | AC3: dY 1 [nm] | AD3: dY 2 [nm] | AE3: dY 3 [nm] | AF3: dZ 1 [nm] | AG3: dZ 2 [nm] | AH3: dZ 3 [nm] | AI3: R0 1→2 | AJ3: R0 1→3 | AK3: R0 2→3 | AL3: Name | AM3: D [µm²/s] | AN3: Molecules N | AO3: Bright. 1 [kHz] | AP3: Bright. 2 [kHz] | AQ3: Bright. 3 [kHz] | AR3: Lifetime 1 [ns] | AS3: Lifetime 2 [ns] | AT3: Lifetime 3 [ns] | AU3: FRET | AV3: R 1→2 | AW3: R 1→3 | AX3: R 2→3 | AY3: E 1→2 | AZ3: E 1→3 | BA3: E 2→3 | BB3: Conc. [nM] | BC3: Check | BD3: Name | BE3: D [µm²/s] | BF3: Molecules N | BG3: Bright. 1 [kHz] | BH3: Bright. 2 [kHz] | BI3: Bright. 3 [kHz] | BJ3: Lifetime 1 [ns] | BK3: Lifetime 2 [ns] | BL3: Lifetime 3 [ns] | BM3: FRET | BN3: R 1→2 | BO3: R 1→3 | BP3: R 2→3 | BQ3: E 1→2 | BR3: E 1→3 | BS3: E 2→3 | BT3: Conc. [nM] | BU3: Check | BV3: Name | BW3: D [µm²/s] | BX3: Molecules N | BY3: Bright. 1 [kHz] | BZ3: Bright. 2 [kHz] | CA3: Bright. 3 [kHz] | CB3: Lifetime 1 [ns] | CC3: Lifetime 2 [ns] | CD3: Lifetime 3 [ns] | CE3: FRET | CF3: R 1→2 | CG3: R 1→3 | CH3: R 2→3 | CI3: E 1→2 | CJ3: E 1→3 | CK3: E 2→3 | CL3: Conc. [nM] | CM3: Check | CN3: Name | CO3: D [µm²/s] | CP3: Molecules N | CQ3: Bright. 1 [kHz] | CR3: Bright. 2 [kHz] | CS3: Bright. 3 [kHz] | CT3: Lifetime 1 [ns] | CU3: Lifetime 2 [ns] | CV3: Lifetime 3 [ns] | CW3: FRET | CX3: R 1→2 | CY3: R 1→3 | CZ3: R 2→3 | DA3: E 1→2 | DB3: E 1→3 | DC3: E 2→3 | DD3: Conc. [nM] | DE3: Check | DF3: Name | DG3: D [µm²/s] | DH3: Molecules N | DI3: Bright. 1 [kHz] | DJ3: Bright. 2 [kHz] | DK3: Bright. 3 [kHz] | DL3: Lifetime 1 [ns] | DM3: Lifetime 2 [ns] | DN3: Lifetime 3 [ns] | DO3: FRET | DP3: R 1→2 | DQ3: R 1→3 | DR3: R 2→3 | DS3: E 1→2 | DT3: E 1→3 | DU3: E 2→3 | DV3: Conc. [nM] | DW3: Check | DX3: Name | DY3: D [µm²/s] | DZ3: Molecules N | EA3: Bright. 1 [kHz] | EB3: Bright. 2 [kHz] | EC3: Bright. 3 [kHz] | ED3: Lifetime 1 [ns] | EE3: Lifetime 2 [ns] | EF3: Lifetime 3 [ns] | EG3: FRET | EH3: R 1→2 | EI3: R 1→3 | EJ3: R 2→3 | EK3: E 1→2 | EL3: E 1→3 | EM3: E 2→3 | EN3: Conc. [nM] | EO3: Check | EP3: Species used | EQ3: Total molecules | ER3: Exp. rate ch1 [kHz] | ES3: Exp. rate ch2 [kHz] | ET3: Exp. rate ch3 [kHz] | EU3: Photons per file [M] | EV3: Memory per file [GB] | EW3: Check | EX3: Number of files | EY3: Seed | EZ3: Format | FA3: Date run | FB3: Run time [min] | FC3: Fitted D [µm²/s] | FD3: Fitted c [nM] | FE3: Result notes
A4: S00 | B4: example_3C_realistic | C4: EXAMPLE: realistic 3-colour FCCS mixture incl. a static FRET pair (brightness < 10% of freq.) | D4: /Fablab 4/Users/Fabio/PhD/Projects/3C_FCCS/Simulation | E4: Idea | F4: 1 | G4: 5000 | H4: 5000 | I4: 5000 | J4: 1000 | K4: 60 | L4: 1 | M4: 60 | N4: Point | O4: 3 | P4: No | Q4: 0.2 | R4: No | S4: 250 | T4: 180 | U4: 210 | V4: 240 | W4: 900 | X4: 1050 | Y4: 1200 | Z4: 0 | AA4: 0 | AB4: 0 | AC4: 0 | AD4: 0 | AE4: 0 | AF4: 0 | AG4: 0 | AH4: 100 | AI4: 63 | AJ4: 51 | AK4: 68 | AL4: triple complex | AM4: 35 | AN4: 300 | AO4: 100 | AP4: 70 | AQ4: 50 | AR4: 4 | AS4: 3 | AT4: 2 | AU4: No FRET | AY4: =IF(OR($AU4="",$AU4="No FRET",N($AV4)<=0,N(IF($AI4="",63,$AI4))<=0),"",1/(1+($AV4/IF($AI4="",63,$AI4))^6)) | AZ4: =IF(OR($AU4="",$AU4="No FRET",N($AW4)<=0,N(IF($AJ4="",51,$AJ4))<=0),"",1/(1+($AW4/IF($AJ4="",51,$AJ4))^6)) | BA4: =IF(OR($AU4="",$AU4="No FRET",N($AX4)<=0,N(IF($AK4="",68,$AK4))<=0),"",1/(1+($AX4/IF($AK4="",68,$AK4))^6)) | BB4: =IF(OR($A4="",N($AN4)<=0),"",IF(IF($I4="",5000,$I4)>0,$AN4/(IF($G4="",5000,$G4)*IF($H4="",5000,$H4)*IF($I4="",5000,$I4))/1E-024/6.022E+023/0.000000001,"")) -> 3.9853869 | BC4: =IF(Calc!G4=0,"",IF(Calc!E4>=1,"✖ saturated (B ≥ freq.)",IF(Calc!E4>0.1,"⚠ B > 10% of freq.",IF(Calc!E4=0,"⚠ no brightness",IF(Calc!F4>0.1,"⚠ step > 10% of wr",IF(OR(AND(N($AQ4)>0,IF($O4="",1,$O4)<3),AND(N($AP4)>0,IF($O4="",1,$O4)<2)),"⚠ uses a colour above Colours = "&IF($O4="",1,$O4)&" (ignored)",IF(AND($AU4<>"",$AU4<>"No FRET",N(IF($O4="",1,$O4))<2),"⚠ FRET needs ≥ 2 colours",IF(AND($AU4<>"",$AU4<>"No FRET",N($AV4)+N($AW4)+N($AX4)=0),"⚠ FRET: set R","✔ OK")))))))) -> ✔ OK | BD4: blue-green | BE4: 35 | BF4: 200 | BG4: 100 | BH4: 70 | BI4: 0 | BJ4: 4 | BK4: 3 | BL4: 2 | BM4: No FRET | BQ4: =IF(OR($BM4="",$BM4="No FRET",N($BN4)<=0,N(IF($AI4="",63,$AI4))<=0),"",1/(1+($BN4/IF($AI4="",63,$AI4))^6)) | BR4: =IF(OR($BM4="",$BM4="No FRET",N($BO4)<=0,N(IF($AJ4="",51,$AJ4))<=0),"",1/(1+($BO4/IF($AJ4="",51,$AJ4))^6)) | BS4: =IF(OR($BM4="",$BM4="No FRET",N($BP4)<=0,N(IF($AK4="",68,$AK4))<=0),"",1/(1+($BP4/IF($AK4="",68,$AK4))^6)) | BT4: =IF(OR($A4="",N($BF4)<=0),"",IF(IF($I4="",5000,$I4)>0,$BF4/(IF($G4="",5000,$G4)*IF($H4="",5000,$H4)*IF($I4="",5000,$I4))/1E-024/6.022E+023/0.000000001,"")) -> 2.6569246 | BU4: =IF(Calc!M4=0,"",IF(Calc!K4>=1,"✖ saturated (B ≥ freq.)",IF(Calc!K4>0.1,"⚠ B > 10% of freq.",IF(Calc!K4=0,"⚠ no brightness",IF(Calc!L4>0.1,"⚠ step > 10% of wr",IF(OR(AND(N($BI4)>0,IF($O4="",1,$O4)<3),AND(N($BH4)>0,IF($O4="",1,$O4)<2)),"⚠ uses a colour above Colours = "&IF($O4="",1,$O4)&" (ignored)",IF(AND($BM4<>"",$BM4<>"No FRET",N(IF($O4="",1,$O4))<2),"⚠ FRET needs ≥ 2 colours",IF(AND($BM4<>"",$BM4<>"No FRET",N($BN4)+N($BO4)+N($BP4)=0),"⚠ FRET: set R","✔ OK")))))))) -> ✔ OK | BV4: green-red | BW4: 35 | BX4: 200 | BY4: 0 | BZ4: 70 | CA4: 50 | CB4: 4 | CC4: 3 | CD4: 2 | CE4: No FRET | CI4: =IF(OR($CE4="",$CE4="No FRET",N($CF4)<=0,N(IF($AI4="",63,$AI4))<=0),"",1/(1+($CF4/IF($AI4="",63,$AI4))^6)) | CJ4: =IF(OR($CE4="",$CE4="No FRET",N($CG4)<=0,N(IF($AJ4="",51,$AJ4))<=0),"",1/(1+($CG4/IF($AJ4="",51,$AJ4))^6)) | CK4: =IF(OR($CE4="",$CE4="No FRET",N($CH4)<=0,N(IF($AK4="",68,$AK4))<=0),"",1/(1+($CH4/IF($AK4="",68,$AK4))^6)) | CL4: =IF(OR($A4="",N($BX4)<=0),"",IF(IF($I4="",5000,$I4)>0,$BX4/(IF($G4="",5000,$G4)*IF($H4="",5000,$H4)*IF($I4="",5000,$I4))/1E-024/6.022E+023/0.000000001,"")) -> 2.6569246 | CM4: =IF(Calc!S4=0,"",IF(Calc!Q4>=1,"✖ saturated (B ≥ freq.)",IF(Calc!Q4>0.1,"⚠ B > 10% of freq.",IF(Calc!Q4=0,"⚠ no brightness",IF(Calc!R4>0.1,"⚠ step > 10% of wr",IF(OR(AND(N($CA4)>0,IF($O4="",1,$O4)<3),AND(N($BZ4)>0,IF($O4="",1,$O4)<2)),"⚠ uses a colour above Colours = "&IF($O4="",1,$O4)&" (ignored)",IF(AND($CE4<>"",$CE4<>"No FRET",N(IF($O4="",1,$O4))<2),"⚠ FRET needs ≥ 2 colours",IF(AND($CE4<>"",$CE4<>"No FRET",N($CF4)+N($CG4)+N($CH4)=0),"⚠ FRET: set R","✔ OK")))))))) -> ✔ OK | CN4: FRET pair 1-2 | CO4: 50 | CP4: 100 | CQ4: 100 | CR4: 70 | CS4: 0 | CT4: 4 | CU4: 3 | CV4: 2 | CW4: Static FRET | CX4: 50 | DA4: =IF(OR($CW4="",$CW4="No FRET",N($CX4)<=0,N(IF($AI4="",63,$AI4))<=0),"",1/(1+($CX4/IF($AI4="",63,$AI4))^6)) -> 0.80006015 | DB4: =IF(OR($CW4="",$CW4="No FRET",N($CY4)<=0,N(IF($AJ4="",51,$AJ4))<=0),"",1/(1+($CY4/IF($AJ4="",51,$AJ4))^6)) | DC4: =IF(OR($CW4="",$CW4="No FRET",N($CZ4)<=0,N(IF($AK4="",68,$AK4))<=0),"",1/(1+($CZ4/IF($AK4="",68,$AK4))^6)) | DD4: =IF(OR($A4="",N($CP4)<=0),"",IF(IF($I4="",5000,$I4)>0,$CP4/(IF($G4="",5000,$G4)*IF($H4="",5000,$H4)*IF($I4="",5000,$I4))/1E-024/6.022E+023/0.000000001,"")) -> 1.3284623 | DE4: =IF(Calc!Y4=0,"",IF(Calc!W4>=1,"✖ saturated (B ≥ freq.)",IF(Calc!W4>0.1,"⚠ B > 10% of freq.",IF(Calc!W4=0,"⚠ no brightness",IF(Calc!X4>0.1,"⚠ step > 10% of wr",IF(OR(AND(N($CS4)>0,IF($O4="",1,$O4)<3),AND(N($CR4)>0,IF($O4="",1,$O4)<2)),"⚠ uses a colour above Colours = "&IF($O4="",1,$O4)&" (ignored)",IF(AND($CW4<>"",$CW4<>"No FRET",N(IF($O4="",1,$O4))<2),"⚠ FRET needs ≥ 2 colours",IF(AND($CW4<>"",$CW4<>"No FRET",N($CX4)+N($CY4)+N($CZ4)=0),"⚠ FRET: set R","✔ OK")))))))) -> ✔ OK | DS4: =IF(OR($DO4="",$DO4="No FRET",N($DP4)<=0,N(IF($AI4="",63,$AI4))<=0),"",1/(1+($DP4/IF($AI4="",63,$AI4))^6)) | DT4: =IF(OR($DO4="",$DO4="No FRET",N($DQ4)<=0,N(IF($AJ4="",51,$AJ4))<=0),"",1/(1+($DQ4/IF($AJ4="",51,$AJ4))^6)) | DU4: =IF(OR($DO4="",$DO4="No FRET",N($DR4)<=0,N(IF($AK4="",68,$AK4))<=0),"",1/(1+($DR4/IF($AK4="",68,$AK4))^6)) | DV4: =IF(OR($A4="",N($DH4)<=0),"",IF(IF($I4="",5000,$I4)>0,$DH4/(IF($G4="",5000,$G4)*IF($H4="",5000,$H4)*IF($I4="",5000,$I4))/1E-024/6.022E+023/0.000000001,"")) | DW4: =IF(Calc!AE4=0,"",IF(Calc!AC4>=1,"✖ saturated (B ≥ freq.)",IF(Calc!AC4>0.1,"⚠ B > 10% of freq.",IF(Calc!AC4=0,"⚠ no brightness",IF(Calc!AD4>0.1,"⚠ step > 10% of wr",IF(OR(AND(N($DK4)>0,IF($O4="",1,$O4)<3),AND(N($DJ4)>0,IF($O4="",1,$O4)<2)),"⚠ uses a colour above Colours = "&IF($O4="",1,$O4)&" (ignored)",IF(AND($DO4<>"",$DO4<>"No FRET",N(IF($O4="",1,$O4))<2),"⚠ FRET needs ≥ 2 colours",IF(AND($DO4<>"",$DO4<>"No FRET",N($DP4)+N($DQ4)+N($DR4)=0),"⚠ FRET: set R","✔ OK")))))))) | EK4: =IF(OR($EG4="",$EG4="No FRET",N($EH4)<=0,N(IF($AI4="",63,$AI4))<=0),"",1/(1+($EH4/IF($AI4="",63,$AI4))^6)) | EL4: =IF(OR($EG4="",$EG4="No FRET",N($EI4)<=0,N(IF($AJ4="",51,$AJ4))<=0),"",1/(1+($EI4/IF($AJ4="",51,$AJ4))^6)) | EM4: =IF(OR($EG4="",$EG4="No FRET",N($EJ4)<=0,N(IF($AK4="",68,$AK4))<=0),"",1/(1+($EJ4/IF($AK4="",68,$AK4))^6)) | EN4: =IF(OR($A4="",N($DZ4)<=0),"",IF(IF($I4="",5000,$I4)>0,$DZ4/(IF($G4="",5000,$G4)*IF($H4="",5000,$H4)*IF($I4="",5000,$I4))/1E-024/6.022E+023/0.000000001,"")) | EO4: =IF(Calc!AK4=0,"",IF(Calc!AI4>=1,"✖ saturated (B ≥ freq.)",IF(Calc!AI4>0.1,"⚠ B > 10% of freq.",IF(Calc!AI4=0,"⚠ no brightness",IF(Calc!AJ4>0.1,"⚠ step > 10% of wr",IF(OR(AND(N($EC4)>0,IF($O4="",1,$O4)<3),AND(N($EB4)>0,IF($O4="",1,$O4)<2)),"⚠ uses a colour above Colours = "&IF($O4="",1,$O4)&" (ignored)",IF(AND($EG4<>"",$EG4<>"No FRET",N(IF($O4="",1,$O4))<2),"⚠ FRET needs ≥ 2 colours",IF(AND($EG4<>"",$EG4<>"No FRET",N($EH4)+N($EI4)+N($EJ4)=0),"⚠ FRET: set R","✔ OK")))))))) | EP4: =IF($A4="","",SUM(Calc!G4,Calc!M4,Calc!S4,Calc!Y4,Calc!AE4,Calc!AK4)) -> 4 | EQ4: =IF($A4="","",N($AN4)+N($BF4)+N($BX4)+N($CP4)+N($DH4)+N($DZ4)) -> 800 | ER4: =IF($A4="","",SUM(Calc!B4,Calc!H4,Calc!N4,Calc!T4,Calc!Z4,Calc!AF4)) -> 27.555518 | ES4: =IF($A4="","",SUM(Calc!C4,Calc!I4,Calc!O4,Calc!U4,Calc!AA4,Calc!AG4)) -> 40.839999 | ET4: =IF($A4="","",SUM(Calc!D4,Calc!J4,Calc!P4,Calc!V4,Calc!AB4,Calc!AH4)) -> 27.215326 | EU4: =IF($A4="","",($ER4+$ES4+$ET4+IF($P4="Yes",N($Q4)*N(IF($O4="",1,$O4)),0))*1000*IF($K4="",10,$K4)/1000000) -> 5.7366505 | EV4: =IF($A4="","",$EU4*1000000*12/1000000000) -> 0.068839806 | EW4: =IF($A4="","",IF($EP4=0,"⚠ no species entered",IF(((LEFT($BC4,1)="✖")+(LEFT($BU4,1)="✖")+(LEFT($CM4,1)="✖")+(LEFT($DE4,1)="✖")+(LEFT($DW4,1)="✖")+(LEFT($EO4,1)="✖"))>0,"✖ "&((LEFT($BC4,1)="✖")+(LEFT($BU4,1)="✖")+(LEFT($CM4,1)="✖")+(LEFT($DE4,1)="✖")+(LEFT($DW4,1)="✖")+(LEFT($EO4,1)="✖"))&" species saturated - see the species checks",IF(MIN(IF($G4="",5000,$G4),IF($H4="",5000,$H4))<8*MAX(IF($T4="",200,$T4),IF($U4="",200,$U4),IF($V4="",200,$V4)),"⚠ box too small laterally (< 8·wr)",IF(AND(IF($I4="",5000,$I4)>0,IF($I4="",5000,$I4)<3*MAX(IF($W4="",1000,$W4),IF($X4="",1000,$X4),IF($Y4="",1000,$Y4))),"⚠ box too small axially (< 3·wz)",IF($EV4>8,"⚠ > 8 GB per file: shorten the duration and use several files",IF(((LEFT($BC4,1)="⚠")+(LEFT($BU4,1)="⚠")+(LEFT($CM4,1)="⚠")+(LEFT($DE4,1)="⚠")+(LEFT($DW4,1)="⚠")+(LEFT($EO4,1)="⚠"))>0,"⚠ "&((LEFT($BC4,1)="⚠")+(LEFT($BU4,1)="⚠")+(LEFT($CM4,1)="⚠")+(LEFT($DE4,1)="⚠")+(LEFT($DW4,1)="⚠")+(LEFT($EO4,1)="⚠"))&" species with a warning","✔ OK"))))))) -> ✔ OK | EX4: 1 | EZ4: .sim | FE4: Example row - shows the expected format
A5: S01 | B5: Simulation_800N_15D_200wr_1000wz_60s_60ns | C5: Just to see if the code works | D5: /Fablab 4/Users/Fabio/PhD/Projects/3C_FCCS/Simulation | E5: Planned | F5: 2 | G5: 5000 | H5: 5000 | I5: 5000 | J5: 1000 | K5: 60 | L5: 1 | M5: 60 | N5: Point | O5: 3 | P5: No | Q5: 0.2 | R5: No | S5: 250 | T5: 200 | U5: 200 | V5: 200 | W5: 1000 | X5: 1000 | Y5: 1000 | Z5: 0 | AA5: 0 | AB5: 0 | AC5: 0 | AD5: 0 | AE5: 0 | AF5: 0 | AG5: 0 | AH5: 0 | AI5: 63 | AJ5: 51 | AK5: 68 | AL5: Species 1 | AM5: 15 | AN5: 800 | AO5: 50 | AP5: 50 | AQ5: 50 | AR5: 4 | AS5: 3 | AT5: 2 | AU5: No FRET | AY5: =IF(OR($AU5="",$AU5="No FRET",N($AV5)<=0,N(IF($AI5="",63,$AI5))<=0),"",1/(1+($AV5/IF($AI5="",63,$AI5))^6)) | AZ5: =IF(OR($AU5="",$AU5="No FRET",N($AW5)<=0,N(IF($AJ5="",51,$AJ5))<=0),"",1/(1+($AW5/IF($AJ5="",51,$AJ5))^6)) | BA5: =IF(OR($AU5="",$AU5="No FRET",N($AX5)<=0,N(IF($AK5="",68,$AK5))<=0),"",1/(1+($AX5/IF($AK5="",68,$AK5))^6)) | BB5: =IF(OR($A5="",N($AN5)<=0),"",IF(IF($I5="",5000,$I5)>0,$AN5/(IF($G5="",5000,$G5)*IF($H5="",5000,$H5)*IF($I5="",5000,$I5))/1E-024/6.022E+023/0.000000001,"")) -> 10.627698 | BC5: =IF(Calc!G5=0,"",IF(Calc!E5>=1,"✖ saturated (B ≥ freq.)",IF(Calc!E5>0.1,"⚠ B > 10% of freq.",IF(Calc!E5=0,"⚠ no brightness",IF(Calc!F5>0.1,"⚠ step > 10% of wr",IF(OR(AND(N($AQ5)>0,IF($O5="",1,$O5)<3),AND(N($AP5)>0,IF($O5="",1,$O5)<2)),"⚠ uses a colour above Colours = "&IF($O5="",1,$O5)&" (ignored)",IF(AND($AU5<>"",$AU5<>"No FRET",N(IF($O5="",1,$O5))<2),"⚠ FRET needs ≥ 2 colours",IF(AND($AU5<>"",$AU5<>"No FRET",N($AV5)+N($AW5)+N($AX5)=0),"⚠ FRET: set R","✔ OK")))))))) -> ✔ OK | BQ5: =IF(OR($BM5="",$BM5="No FRET",N($BN5)<=0,N(IF($AI5="",63,$AI5))<=0),"",1/(1+($BN5/IF($AI5="",63,$AI5))^6)) | BR5: =IF(OR($BM5="",$BM5="No FRET",N($BO5)<=0,N(IF($AJ5="",51,$AJ5))<=0),"",1/(1+($BO5/IF($AJ5="",51,$AJ5))^6)) | BS5: =IF(OR($BM5="",$BM5="No FRET",N($BP5)<=0,N(IF($AK5="",68,$AK5))<=0),"",1/(1+($BP5/IF($AK5="",68,$AK5))^6)) | BT5: =IF(OR($A5="",N($BF5)<=0),"",IF(IF($I5="",5000,$I5)>0,$BF5/(IF($G5="",5000,$G5)*IF($H5="",5000,$H5)*IF($I5="",5000,$I5))/1E-024/6.022E+023/0.000000001,"")) | BU5: =IF(Calc!M5=0,"",IF(Calc!K5>=1,"✖ saturated (B ≥ freq.)",IF(Calc!K5>0.1,"⚠ B > 10% of freq.",IF(Calc!K5=0,"⚠ no brightness",IF(Calc!L5>0.1,"⚠ step > 10% of wr",IF(OR(AND(N($BI5)>0,IF($O5="",1,$O5)<3),AND(N($BH5)>0,IF($O5="",1,$O5)<2)),"⚠ uses a colour above Colours = "&IF($O5="",1,$O5)&" (ignored)",IF(AND($BM5<>"",$BM5<>"No FRET",N(IF($O5="",1,$O5))<2),"⚠ FRET needs ≥ 2 colours",IF(AND($BM5<>"",$BM5<>"No FRET",N($BN5)+N($BO5)+N($BP5)=0),"⚠ FRET: set R","✔ OK")))))))) | CI5: =IF(OR($CE5="",$CE5="No FRET",N($CF5)<=0,N(IF($AI5="",63,$AI5))<=0),"",1/(1+($CF5/IF($AI5="",63,$AI5))^6)) | CJ5: =IF(OR($CE5="",$CE5="No FRET",N($CG5)<=0,N(IF($AJ5="",51,$AJ5))<=0),"",1/(1+($CG5/IF($AJ5="",51,$AJ5))^6)) | CK5: =IF(OR($CE5="",$CE5="No FRET",N($CH5)<=0,N(IF($AK5="",68,$AK5))<=0),"",1/(1+($CH5/IF($AK5="",68,$AK5))^6)) | CL5: =IF(OR($A5="",N($BX5)<=0),"",IF(IF($I5="",5000,$I5)>0,$BX5/(IF($G5="",5000,$G5)*IF($H5="",5000,$H5)*IF($I5="",5000,$I5))/1E-024/6.022E+023/0.000000001,"")) | CM5: =IF(Calc!S5=0,"",IF(Calc!Q5>=1,"✖ saturated (B ≥ freq.)",IF(Calc!Q5>0.1,"⚠ B > 10% of freq.",IF(Calc!Q5=0,"⚠ no brightness",IF(Calc!R5>0.1,"⚠ step > 10% of wr",IF(OR(AND(N($CA5)>0,IF($O5="",1,$O5)<3),AND(N($BZ5)>0,IF($O5="",1,$O5)<2)),"⚠ uses a colour above Colours = "&IF($O5="",1,$O5)&" (ignored)",IF(AND($CE5<>"",$CE5<>"No FRET",N(IF($O5="",1,$O5))<2),"⚠ FRET needs ≥ 2 colours",IF(AND($CE5<>"",$CE5<>"No FRET",N($CF5)+N($CG5)+N($CH5)=0),"⚠ FRET: set R","✔ OK")))))))) | DA5: =IF(OR($CW5="",$CW5="No FRET",N($CX5)<=0,N(IF($AI5="",63,$AI5))<=0),"",1/(1+($CX5/IF($AI5="",63,$AI5))^6)) | DB5: =IF(OR($CW5="",$CW5="No FRET",N($CY5)<=0,N(IF($AJ5="",51,$AJ5))<=0),"",1/(1+($CY5/IF($AJ5="",51,$AJ5))^6)) | DC5: =IF(OR($CW5="",$CW5="No FRET",N($CZ5)<=0,N(IF($AK5="",68,$AK5))<=0),"",1/(1+($CZ5/IF($AK5="",68,$AK5))^6)) | DD5: =IF(OR($A5="",N($CP5)<=0),"",IF(IF($I5="",5000,$I5)>0,$CP5/(IF($G5="",5000,$G5)*IF($H5="",5000,$H5)*IF($I5="",5000,$I5))/1E-024/6.022E+023/0.000000001,"")) | DE5: =IF(Calc!Y5=0,"",IF(Calc!W5>=1,"✖ saturated (B ≥ freq.)",IF(Calc!W5>0.1,"⚠ B > 10% of freq.",IF(Calc!W5=0,"⚠ no brightness",IF(Calc!X5>0.1,"⚠ step > 10% of wr",IF(OR(AND(N($CS5)>0,IF($O5="",1,$O5)<3),AND(N($CR5)>0,IF($O5="",1,$O5)<2)),"⚠ uses a colour above Colours = "&IF($O5="",1,$O5)&" (ignored)",IF(AND($CW5<>"",$CW5<>"No FRET",N(IF($O5="",1,$O5))<2),"⚠ FRET needs ≥ 2 colours",IF(AND($CW5<>"",$CW5<>"No FRET",N($CX5)+N($CY5)+N($CZ5)=0),"⚠ FRET: set R","✔ OK")))))))) | DS5: =IF(OR($DO5="",$DO5="No FRET",N($DP5)<=0,N(IF($AI5="",63,$AI5))<=0),"",1/(1+($DP5/IF($AI5="",63,$AI5))^6)) | DT5: =IF(OR($DO5="",$DO5="No FRET",N($DQ5)<=0,N(IF($AJ5="",51,$AJ5))<=0),"",1/(1+($DQ5/IF($AJ5="",51,$AJ5))^6)) | DU5: =IF(OR($DO5="",$DO5="No FRET",N($DR5)<=0,N(IF($AK5="",68,$AK5))<=0),"",1/(1+($DR5/IF($AK5="",68,$AK5))^6)) | DV5: =IF(OR($A5="",N($DH5)<=0),"",IF(IF($I5="",5000,$I5)>0,$DH5/(IF($G5="",5000,$G5)*IF($H5="",5000,$H5)*IF($I5="",5000,$I5))/1E-024/6.022E+023/0.000000001,"")) | DW5: =IF(Calc!AE5=0,"",IF(Calc!AC5>=1,"✖ saturated (B ≥ freq.)",IF(Calc!AC5>0.1,"⚠ B > 10% of freq.",IF(Calc!AC5=0,"⚠ no brightness",IF(Calc!AD5>0.1,"⚠ step > 10% of wr",IF(OR(AND(N($DK5)>0,IF($O5="",1,$O5)<3),AND(N($DJ5)>0,IF($O5="",1,$O5)<2)),"⚠ uses a colour above Colours = "&IF($O5="",1,$O5)&" (ignored)",IF(AND($DO5<>"",$DO5<>"No FRET",N(IF($O5="",1,$O5))<2),"⚠ FRET needs ≥ 2 colours",IF(AND($DO5<>"",$DO5<>"No FRET",N($DP5)+N($DQ5)+N($DR5)=0),"⚠ FRET: set R","✔ OK")))))))) | EK5: =IF(OR($EG5="",$EG5="No FRET",N($EH5)<=0,N(IF($AI5="",63,$AI5))<=0),"",1/(1+($EH5/IF($AI5="",63,$AI5))^6)) | EL5: =IF(OR($EG5="",$EG5="No FRET",N($EI5)<=0,N(IF($AJ5="",51,$AJ5))<=0),"",1/(1+($EI5/IF($AJ5="",51,$AJ5))^6)) | EM5: =IF(OR($EG5="",$EG5="No FRET",N($EJ5)<=0,N(IF($AK5="",68,$AK5))<=0),"",1/(1+($EJ5/IF($AK5="",68,$AK5))^6)) | EN5: =IF(OR($A5="",N($DZ5)<=0),"",IF(IF($I5="",5000,$I5)>0,$DZ5/(IF($G5="",5000,$G5)*IF($H5="",5000,$H5)*IF($I5="",5000,$I5))/1E-024/6.022E+023/0.000000001,"")) | EO5: =IF(Calc!AK5=0,"",IF(Calc!AI5>=1,"✖ saturated (B ≥ freq.)",IF(Calc!AI5>0.1,"⚠ B > 10% of freq.",IF(Calc!AI5=0,"⚠ no brightness",IF(Calc!AJ5>0.1,"⚠ step > 10% of wr",IF(OR(AND(N($EC5)>0,IF($O5="",1,$O5)<3),AND(N($EB5)>0,IF($O5="",1,$O5)<2)),"⚠ uses a colour above Colours = "&IF($O5="",1,$O5)&" (ignored)",IF(AND($EG5<>"",$EG5<>"No FRET",N(IF($O5="",1,$O5))<2),"⚠ FRET needs ≥ 2 colours",IF(AND($EG5<>"",$EG5<>"No FRET",N($EH5)+N($EI5)+N($EJ5)=0),"⚠ FRET: set R","✔ OK")))))))) | EP5: =IF($A5="","",SUM(Calc!G5,Calc!M5,Calc!S5,Calc!Y5,Calc!AE5,Calc!AK5)) -> 1 | EQ5: =IF($A5="","",N($AN5)+N($BF5)+N($BX5)+N($CP5)+N($DH5)+N($DZ5)) -> 800 | ER5: =IF($A5="","",SUM(Calc!B5,Calc!H5,Calc!N5,Calc!T5,Calc!Z5,Calc!AF5)) -> 25.199376 | ES5: =IF($A5="","",SUM(Calc!C5,Calc!I5,Calc!O5,Calc!U5,Calc!AA5,Calc!AG5)) -> 25.199376 | ET5: =IF($A5="","",SUM(Calc!D5,Calc!J5,Calc!P5,Calc!V5,Calc!AB5,Calc!AH5)) -> 25.199376 | EU5: =IF($A5="","",($ER5+$ES5+$ET5+IF($P5="Yes",N($Q5)*N(IF($O5="",1,$O5)),0))*1000*IF($K5="",10,$K5)/1000000) -> 4.5358877 | EV5: =IF($A5="","",$EU5*1000000*12/1000000000) -> 0.054430652 | EW5: =IF($A5="","",IF($EP5=0,"⚠ no species entered",IF(((LEFT($BC5,1)="✖")+(LEFT($BU5,1)="✖")+(LEFT($CM5,1)="✖")+(LEFT($DE5,1)="✖")+(LEFT($DW5,1)="✖")+(LEFT($EO5,1)="✖"))>0,"✖ "&((LEFT($BC5,1)="✖")+(LEFT($BU5,1)="✖")+(LEFT($CM5,1)="✖")+(LEFT($DE5,1)="✖")+(LEFT($DW5,1)="✖")+(LEFT($EO5,1)="✖"))&" species saturated - see the species checks",IF(MIN(IF($G5="",5000,$G5),IF($H5="",5000,$H5))<8*MAX(IF($T5="",200,$T5),IF($U5="",200,$U5),IF($V5="",200,$V5)),"⚠ box too small laterally (< 8·wr)",IF(AND(IF($I5="",5000,$I5)>0,IF($I5="",5000,$I5)<3*MAX(IF($W5="",1000,$W5),IF($X5="",1000,$X5),IF($Y5="",1000,$Y5))),"⚠ box too small axially (< 3·wz)",IF($EV5>8,"⚠ > 8 GB per file: shorten the duration and use several files",IF(((LEFT($BC5,1)="⚠")+(LEFT($BU5,1)="⚠")+(LEFT($CM5,1)="⚠")+(LEFT($DE5,1)="⚠")+(LEFT($DW5,1)="⚠")+(LEFT($EO5,1)="⚠"))>0,"⚠ "&((LEFT($BC5,1)="⚠")+(LEFT($BU5,1)="⚠")+(LEFT($CM5,1)="⚠")+(LEFT($DE5,1)="⚠")+(LEFT($DW5,1)="⚠")+(LEFT($EO5,1)="⚠"))&" species with a warning","✔ OK"))))))) -> ✔ OK | EX5: 1 | EZ5: .sim | FE5: from Simulation_parameters.xlsx (box size assumed)
A6: S02 | B6: Simulation_100Nx3_200wr_1000wz_60s_60ns_3colorXspecies | C6: To verify that no 3C cross-correlation would arise | D6: /Fablab 4/Users/Fabio/PhD/Projects/3C_FCCS/Simulation | E6: Planned | F6: 2 | G6: 5000 | H6: 5000 | I6: 5000 | J6: 1000 | K6: 60 | L6: 1 | M6: 60 | N6: Point | O6: 3 | P6: No | Q6: 0.2 | R6: No | S6: 250 | T6: 200 | U6: 200 | V6: 200 | W6: 1000 | X6: 1000 | Y6: 1000 | Z6: 0 | AA6: 0 | AB6: 0 | AC6: 0 | AD6: 0 | AE6: 0 | AF6: 0 | AG6: 0 | AH6: 0 | AI6: 63 | AJ6: 51 | AK6: 68 | AL6: Species 1 | AM6: 50 | AN6: 800 | AO6: 50 | AP6: 50 | AQ6: 0 | AR6: 4 | AS6: 3 | AT6: 2 | AU6: No FRET | AY6: =IF(OR($AU6="",$AU6="No FRET",N($AV6)<=0,N(IF($AI6="",63,$AI6))<=0),"",1/(1+($AV6/IF($AI6="",63,$AI6))^6)) | AZ6: =IF(OR($AU6="",$AU6="No FRET",N($AW6)<=0,N(IF($AJ6="",51,$AJ6))<=0),"",1/(1+($AW6/IF($AJ6="",51,$AJ6))^6)) | BA6: =IF(OR($AU6="",$AU6="No FRET",N($AX6)<=0,N(IF($AK6="",68,$AK6))<=0),"",1/(1+($AX6/IF($AK6="",68,$AK6))^6)) | BB6: =IF(OR($A6="",N($AN6)<=0),"",IF(IF($I6="",5000,$I6)>0,$AN6/(IF($G6="",5000,$G6)*IF($H6="",5000,$H6)*IF($I6="",5000,$I6))/1E-024/6.022E+023/0.000000001,"")) -> 10.627698 | BC6: =IF(Calc!G6=0,"",IF(Calc!E6>=1,"✖ saturated (B ≥ freq.)",IF(Calc!E6>0.1,"⚠ B > 10% of freq.",IF(Calc!E6=0,"⚠ no brightness",IF(Calc!F6>0.1,"⚠ step > 10% of wr",IF(OR(AND(N($AQ6)>0,IF($O6="",1,$O6)<3),AND(N($AP6)>0,IF($O6="",1,$O6)<2)),"⚠ uses a colour above Colours = "&IF($O6="",1,$O6)&" (ignored)",IF(AND($AU6<>"",$AU6<>"No FRET",N(IF($O6="",1,$O6))<2),"⚠ FRET needs ≥ 2 colours",IF(AND($AU6<>"",$AU6<>"No FRET",N($AV6)+N($AW6)+N($AX6)=0),"⚠ FRET: set R","✔ OK")))))))) -> ✔ OK | BD6: Species 2 | BE6: 50 | BF6: 100 | BG6: 50 | BH6: 0 | BI6: 50 | BJ6: 4 | BK6: 3 | BL6: 2 | BM6: No FRET | BQ6: =IF(OR($BM6="",$BM6="No FRET",N($BN6)<=0,N(IF($AI6="",63,$AI6))<=0),"",1/(1+($BN6/IF($AI6="",63,$AI6))^6)) | BR6: =IF(OR($BM6="",$BM6="No FRET",N($BO6)<=0,N(IF($AJ6="",51,$AJ6))<=0),"",1/(1+($BO6/IF($AJ6="",51,$AJ6))^6)) | BS6: =IF(OR($BM6="",$BM6="No FRET",N($BP6)<=0,N(IF($AK6="",68,$AK6))<=0),"",1/(1+($BP6/IF($AK6="",68,$AK6))^6)) | BT6: =IF(OR($A6="",N($BF6)<=0),"",IF(IF($I6="",5000,$I6)>0,$BF6/(IF($G6="",5000,$G6)*IF($H6="",5000,$H6)*IF($I6="",5000,$I6))/1E-024/6.022E+023/0.000000001,"")) -> 1.3284623 | BU6: =IF(Calc!M6=0,"",IF(Calc!K6>=1,"✖ saturated (B ≥ freq.)",IF(Calc!K6>0.1,"⚠ B > 10% of freq.",IF(Calc!K6=0,"⚠ no brightness",IF(Calc!L6>0.1,"⚠ step > 10% of wr",IF(OR(AND(N($BI6)>0,IF($O6="",1,$O6)<3),AND(N($BH6)>0,IF($O6="",1,$O6)<2)),"⚠ uses a colour above Colours = "&IF($O6="",1,$O6)&" (ignored)",IF(AND($BM6<>"",$BM6<>"No FRET",N(IF($O6="",1,$O6))<2),"⚠ FRET needs ≥ 2 colours",IF(AND($BM6<>"",$BM6<>"No FRET",N($BN6)+N($BO6)+N($BP6)=0),"⚠ FRET: set R","✔ OK")))))))) -> ✔ OK | BV6: Species 3 | BW6: 50 | BX6: 100 | BY6: 0 | BZ6: 50 | CA6: 50 | CB6: 4 | CC6: 3 | CD6: 2 | CE6: No FRET | CI6: =IF(OR($CE6="",$CE6="No FRET",N($CF6)<=0,N(IF($AI6="",63,$AI6))<=0),"",1/(1+($CF6/IF($AI6="",63,$AI6))^6)) | CJ6: =IF(OR($CE6="",$CE6="No FRET",N($CG6)<=0,N(IF($AJ6="",51,$AJ6))<=0),"",1/(1+($CG6/IF($AJ6="",51,$AJ6))^6)) | CK6: =IF(OR($CE6="",$CE6="No FRET",N($CH6)<=0,N(IF($AK6="",68,$AK6))<=0),"",1/(1+($CH6/IF($AK6="",68,$AK6))^6)) | CL6: =IF(OR($A6="",N($BX6)<=0),"",IF(IF($I6="",5000,$I6)>0,$BX6/(IF($G6="",5000,$G6)*IF($H6="",5000,$H6)*IF($I6="",5000,$I6))/1E-024/6.022E+023/0.000000001,"")) -> 1.3284623 | CM6: =IF(Calc!S6=0,"",IF(Calc!Q6>=1,"✖ saturated (B ≥ freq.)",IF(Calc!Q6>0.1,"⚠ B > 10% of freq.",IF(Calc!Q6=0,"⚠ no brightness",IF(Calc!R6>0.1,"⚠ step > 10% of wr",IF(OR(AND(N($CA6)>0,IF($O6="",1,$O6)<3),AND(N($BZ6)>0,IF($O6="",1,$O6)<2)),"⚠ uses a colour above Colours = "&IF($O6="",1,$O6)&" (ignored)",IF(AND($CE6<>"",$CE6<>"No FRET",N(IF($O6="",1,$O6))<2),"⚠ FRET needs ≥ 2 colours",IF(AND($CE6<>"",$CE6<>"No FRET",N($CF6)+N($CG6)+N($CH6)=0),"⚠ FRET: set R","✔ OK")))))))) -> ✔ OK | DA6: =IF(OR($CW6="",$CW6="No FRET",N($CX6)<=0,N(IF($AI6="",63,$AI6))<=0),"",1/(1+($CX6/IF($AI6="",63,$AI6))^6)) | DB6: =IF(OR($CW6="",$CW6="No FRET",N($CY6)<=0,N(IF($AJ6="",51,$AJ6))<=0),"",1/(1+($CY6/IF($AJ6="",51,$AJ6))^6)) | DC6: =IF(OR($CW6="",$CW6="No FRET",N($CZ6)<=0,N(IF($AK6="",68,$AK6))<=0),"",1/(1+($CZ6/IF($AK6="",68,$AK6))^6)) | DD6: =IF(OR($A6="",N($CP6)<=0),"",IF(IF($I6="",5000,$I6)>0,$CP6/(IF($G6="",5000,$G6)*IF($H6="",5000,$H6)*IF($I6="",5000,$I6))/1E-024/6.022E+023/0.000000001,"")) | DE6: =IF(Calc!Y6=0,"",IF(Calc!W6>=1,"✖ saturated (B ≥ freq.)",IF(Calc!W6>0.1,"⚠ B > 10% of freq.",IF(Calc!W6=0,"⚠ no brightness",IF(Calc!X6>0.1,"⚠ step > 10% of wr",IF(OR(AND(N($CS6)>0,IF($O6="",1,$O6)<3),AND(N($CR6)>0,IF($O6="",1,$O6)<2)),"⚠ uses a colour above Colours = "&IF($O6="",1,$O6)&" (ignored)",IF(AND($CW6<>"",$CW6<>"No FRET",N(IF($O6="",1,$O6))<2),"⚠ FRET needs ≥ 2 colours",IF(AND($CW6<>"",$CW6<>"No FRET",N($CX6)+N($CY6)+N($CZ6)=0),"⚠ FRET: set R","✔ OK")))))))) | DS6: =IF(OR($DO6="",$DO6="No FRET",N($DP6)<=0,N(IF($AI6="",63,$AI6))<=0),"",1/(1+($DP6/IF($AI6="",63,$AI6))^6)) | DT6: =IF(OR($DO6="",$DO6="No FRET",N($DQ6)<=0,N(IF($AJ6="",51,$AJ6))<=0),"",1/(1+($DQ6/IF($AJ6="",51,$AJ6))^6)) | DU6: =IF(OR($DO6="",$DO6="No FRET",N($DR6)<=0,N(IF($AK6="",68,$AK6))<=0),"",1/(1+($DR6/IF($AK6="",68,$AK6))^6)) | DV6: =IF(OR($A6="",N($DH6)<=0),"",IF(IF($I6="",5000,$I6)>0,$DH6/(IF($G6="",5000,$G6)*IF($H6="",5000,$H6)*IF($I6="",5000,$I6))/1E-024/6.022E+023/0.000000001,"")) | DW6: =IF(Calc!AE6=0,"",IF(Calc!AC6>=1,"✖ saturated (B ≥ freq.)",IF(Calc!AC6>0.1,"⚠ B > 10% of freq.",IF(Calc!AC6=0,"⚠ no brightness",IF(Calc!AD6>0.1,"⚠ step > 10% of wr",IF(OR(AND(N($DK6)>0,IF($O6="",1,$O6)<3),AND(N($DJ6)>0,IF($O6="",1,$O6)<2)),"⚠ uses a colour above Colours = "&IF($O6="",1,$O6)&" (ignored)",IF(AND($DO6<>"",$DO6<>"No FRET",N(IF($O6="",1,$O6))<2),"⚠ FRET needs ≥ 2 colours",IF(AND($DO6<>"",$DO6<>"No FRET",N($DP6)+N($DQ6)+N($DR6)=0),"⚠ FRET: set R","✔ OK")))))))) | EK6: =IF(OR($EG6="",$EG6="No FRET",N($EH6)<=0,N(IF($AI6="",63,$AI6))<=0),"",1/(1+($EH6/IF($AI6="",63,$AI6))^6)) | EL6: =IF(OR($EG6="",$EG6="No FRET",N($EI6)<=0,N(IF($AJ6="",51,$AJ6))<=0),"",1/(1+($EI6/IF($AJ6="",51,$AJ6))^6)) | EM6: =IF(OR($EG6="",$EG6="No FRET",N($EJ6)<=0,N(IF($AK6="",68,$AK6))<=0),"",1/(1+($EJ6/IF($AK6="",68,$AK6))^6)) | EN6: =IF(OR($A6="",N($DZ6)<=0),"",IF(IF($I6="",5000,$I6)>0,$DZ6/(IF($G6="",5000,$G6)*IF($H6="",5000,$H6)*IF($I6="",5000,$I6))/1E-024/6.022E+023/0.000000001,"")) | EO6: =IF(Calc!AK6=0,"",IF(Calc!AI6>=1,"✖ saturated (B ≥ freq.)",IF(Calc!AI6>0.1,"⚠ B > 10% of freq.",IF(Calc!AI6=0,"⚠ no brightness",IF(Calc!AJ6>0.1,"⚠ step > 10% of wr",IF(OR(AND(N($EC6)>0,IF($O6="",1,$O6)<3),AND(N($EB6)>0,IF($O6="",1,$O6)<2)),"⚠ uses a colour above Colours = "&IF($O6="",1,$O6)&" (ignored)",IF(AND($EG6<>"",$EG6<>"No FRET",N(IF($O6="",1,$O6))<2),"⚠ FRET needs ≥ 2 colours",IF(AND($EG6<>"",$EG6<>"No FRET",N($EH6)+N($EI6)+N($EJ6)=0),"⚠ FRET: set R","✔ OK")))))))) | EP6: =IF($A6="","",SUM(Calc!G6,Calc!M6,Calc!S6,Calc!Y6,Calc!AE6,Calc!AK6)) -> 3 | EQ6: =IF($A6="","",N($AN6)+N($BF6)+N($BX6)+N($CP6)+N($DH6)+N($DZ6)) -> 1000 | ER6: =IF($A6="","",SUM(Calc!B6,Calc!H6,Calc!N6,Calc!T6,Calc!Z6,Calc!AF6)) -> 28.349298 | ES6: =IF($A6="","",SUM(Calc!C6,Calc!I6,Calc!O6,Calc!U6,Calc!AA6,Calc!AG6)) -> 28.349298 | ET6: =IF($A6="","",SUM(Calc!D6,Calc!J6,Calc!P6,Calc!V6,Calc!AB6,Calc!AH6)) -> 6.299844 | EU6: =IF($A6="","",($ER6+$ES6+$ET6+IF($P6="Yes",N($Q6)*N(IF($O6="",1,$O6)),0))*1000*IF($K6="",10,$K6)/1000000) -> 3.7799064 | EV6: =IF($A6="","",$EU6*1000000*12/1000000000) -> 0.045358877 | EW6: =IF($A6="","",IF($EP6=0,"⚠ no species entered",IF(((LEFT($BC6,1)="✖")+(LEFT($BU6,1)="✖")+(LEFT($CM6,1)="✖")+(LEFT($DE6,1)="✖")+(LEFT($DW6,1)="✖")+(LEFT($EO6,1)="✖"))>0,"✖ "&((LEFT($BC6,1)="✖")+(LEFT($BU6,1)="✖")+(LEFT($CM6,1)="✖")+(LEFT($DE6,1)="✖")+(LEFT($DW6,1)="✖")+(LEFT($EO6,1)="✖"))&" species saturated - see the species checks",IF(MIN(IF($G6="",5000,$G6),IF($H6="",5000,$H6))<8*MAX(IF($T6="",200,$T6),IF($U6="",200,$U6),IF($V6="",200,$V6)),"⚠ box too small laterally (< 8·wr)",IF(AND(IF($I6="",5000,$I6)>0,IF($I6="",5000,$I6)<3*MAX(IF($W6="",1000,$W6),IF($X6="",1000,$X6),IF($Y6="",1000,$Y6))),"⚠ box too small axially (< 3·wz)",IF($EV6>8,"⚠ > 8 GB per file: shorten the duration and use several files",IF(((LEFT($BC6,1)="⚠")+(LEFT($BU6,1)="⚠")+(LEFT($CM6,1)="⚠")+(LEFT($DE6,1)="⚠")+(LEFT($DW6,1)="⚠")+(LEFT($EO6,1)="⚠"))>0,"⚠ "&((LEFT($BC6,1)="⚠")+(LEFT($BU6,1)="⚠")+(LEFT($CM6,1)="⚠")+(LEFT($DE6,1)="⚠")+(LEFT($DW6,1)="⚠")+(LEFT($EO6,1)="⚠"))&" species with a warning","✔ OK"))))))) -> ✔ OK | EX6: 1 | EZ6: .sim | FE6: from Simulation_parameters.xlsx (box size assumed)
A7: S03 | B7: Simulation_complexes_1st_10N_200wr_1000wz_10s_60ns_1000kHz | C7: To test the code in a crowded environment | D7: /Fablab 4/Users/Fabio/PhD/Projects/3C_FCCS/Simulation/Complex | E7: Planned | F7: 3 | G7: 5000 | H7: 5000 | I7: 5000 | J7: 1000 | K7: 10 | L7: 1 | M7: 60 | N7: Point | O7: 3 | P7: No | Q7: 0.2 | R7: No | S7: 250 | T7: 200 | U7: 200 | V7: 200 | W7: 1000 | X7: 1000 | Y7: 1000 | Z7: 0 | AA7: 0 | AB7: 0 | AC7: 0 | AD7: 0 | AE7: 0 | AF7: 0 | AG7: 0 | AH7: 0 | AI7: 63 | AJ7: 51 | AK7: 68 | AL7: Species 1 | AM7: 400 | AN7: 10 | AO7: 10000 | AP7: 0 | AQ7: 0 | AR7: 4 | AS7: 3 | AT7: 2.5 | AU7: No FRET | AY7: =IF(OR($AU7="",$AU7="No FRET",N($AV7)<=0,N(IF($AI7="",63,$AI7))<=0),"",1/(1+($AV7/IF($AI7="",63,$AI7))^6)) | AZ7: =IF(OR($AU7="",$AU7="No FRET",N($AW7)<=0,N(IF($AJ7="",51,$AJ7))<=0),"",1/(1+($AW7/IF($AJ7="",51,$AJ7))^6)) | BA7: =IF(OR($AU7="",$AU7="No FRET",N($AX7)<=0,N(IF($AK7="",68,$AK7))<=0),"",1/(1+($AX7/IF($AK7="",68,$AK7))^6)) | BB7: =IF(OR($A7="",N($AN7)<=0),"",IF(IF($I7="",5000,$I7)>0,$AN7/(IF($G7="",5000,$G7)*IF($H7="",5000,$H7)*IF($I7="",5000,$I7))/1E-024/6.022E+023/0.000000001,"")) -> 0.13284623 | BC7: =IF(Calc!G7=0,"",IF(Calc!E7>=1,"✖ saturated (B ≥ freq.)",IF(Calc!E7>0.1,"⚠ B > 10% of freq.",IF(Calc!E7=0,"⚠ no brightness",IF(Calc!F7>0.1,"⚠ step > 10% of wr",IF(OR(AND(N($AQ7)>0,IF($O7="",1,$O7)<3),AND(N($AP7)>0,IF($O7="",1,$O7)<2)),"⚠ uses a colour above Colours = "&IF($O7="",1,$O7)&" (ignored)",IF(AND($AU7<>"",$AU7<>"No FRET",N(IF($O7="",1,$O7))<2),"⚠ FRET needs ≥ 2 colours",IF(AND($AU7<>"",$AU7<>"No FRET",N($AV7)+N($AW7)+N($AX7)=0),"⚠ FRET: set R","✔ OK")))))))) -> ✖ saturated (B ≥ freq.) | BD7: Species 2 | BE7: 400 | BF7: 10 | BG7: 0 | BH7: 10000 | BI7: 0 | BJ7: 4 | BK7: 3 | BL7: 2.5 | BM7: No FRET | BQ7: =IF(OR($BM7="",$BM7="No FRET",N($BN7)<=0,N(IF($AI7="",63,$AI7))<=0),"",1/(1+($BN7/IF($AI7="",63,$AI7))^6)) | BR7: =IF(OR($BM7="",$BM7="No FRET",N($BO7)<=0,N(IF($AJ7="",51,$AJ7))<=0),"",1/(1+($BO7/IF($AJ7="",51,$AJ7))^6)) | BS7: =IF(OR($BM7="",$BM7="No FRET",N($BP7)<=0,N(IF($AK7="",68,$AK7))<=0),"",1/(1+($BP7/IF($AK7="",68,$AK7))^6)) | BT7: =IF(OR($A7="",N($BF7)<=0),"",IF(IF($I7="",5000,$I7)>0,$BF7/(IF($G7="",5000,$G7)*IF($H7="",5000,$H7)*IF($I7="",5000,$I7))/1E-024/6.022E+023/0.000000001,"")) -> 0.13284623 | BU7: =IF(Calc!M7=0,"",IF(Calc!K7>=1,"✖ saturated (B ≥ freq.)",IF(Calc!K7>0.1,"⚠ B > 10% of freq.",IF(Calc!K7=0,"⚠ no brightness",IF(Calc!L7>0.1,"⚠ step > 10% of wr",IF(OR(AND(N($BI7)>0,IF($O7="",1,$O7)<3),AND(N($BH7)>0,IF($O7="",1,$O7)<2)),"⚠ uses a colour above Colours = "&IF($O7="",1,$O7)&" (ignored)",IF(AND($BM7<>"",$BM7<>"No FRET",N(IF($O7="",1,$O7))<2),"⚠ FRET needs ≥ 2 colours",IF(AND($BM7<>"",$BM7<>"No FRET",N($BN7)+N($BO7)+N($BP7)=0),"⚠ FRET: set R","✔ OK")))))))) -> ✖ saturated (B ≥ freq.) | BV7: Species 3 | BW7: 400 | BX7: 10 | BY7: 0 | BZ7: 0 | CA7: 10000 | CB7: 4 | CC7: 3 | CD7: 2.5 | CE7: No FRET | CI7: =IF(OR($CE7="",$CE7="No FRET",N($CF7)<=0,N(IF($AI7="",63,$AI7))<=0),"",1/(1+($CF7/IF($AI7="",63,$AI7))^6)) | CJ7: =IF(OR($CE7="",$CE7="No FRET",N($CG7)<=0,N(IF($AJ7="",51,$AJ7))<=0),"",1/(1+($CG7/IF($AJ7="",51,$AJ7))^6)) | CK7: =IF(OR($CE7="",$CE7="No FRET",N($CH7)<=0,N(IF($AK7="",68,$AK7))<=0),"",1/(1+($CH7/IF($AK7="",68,$AK7))^6)) | CL7: =IF(OR($A7="",N($BX7)<=0),"",IF(IF($I7="",5000,$I7)>0,$BX7/(IF($G7="",5000,$G7)*IF($H7="",5000,$H7)*IF($I7="",5000,$I7))/1E-024/6.022E+023/0.000000001,"")) -> 0.13284623 | CM7: =IF(Calc!S7=0,"",IF(Calc!Q7>=1,"✖ saturated (B ≥ freq.)",IF(Calc!Q7>0.1,"⚠ B > 10% of freq.",IF(Calc!Q7=0,"⚠ no brightness",IF(Calc!R7>0.1,"⚠ step > 10% of wr",IF(OR(AND(N($CA7)>0,IF($O7="",1,$O7)<3),AND(N($BZ7)>0,IF($O7="",1,$O7)<2)),"⚠ uses a colour above Colours = "&IF($O7="",1,$O7)&" (ignored)",IF(AND($CE7<>"",$CE7<>"No FRET",N(IF($O7="",1,$O7))<2),"⚠ FRET needs ≥ 2 colours",IF(AND($CE7<>"",$CE7<>"No FRET",N($CF7)+N($CG7)+N($CH7)=0),"⚠ FRET: set R","✔ OK")))))))) -> ✖ saturated (B ≥ freq.) | CN7: Species 4 | CO7: 33 | CP7: 10 | CQ7: 10000 | CR7: 10000 | CS7: 10000 | CT7: 4 | CU7: 3 | CV7: 2.5 | CW7: No FRET | DA7: =IF(OR($CW7="",$CW7="No FRET",N($CX7)<=0,N(IF($AI7="",63,$AI7))<=0),"",1/(1+($CX7/IF($AI7="",63,$AI7))^6)) | DB7: =IF(OR($CW7="",$CW7="No FRET",N($CY7)<=0,N(IF($AJ7="",51,$AJ7))<=0),"",1/(1+($CY7/IF($AJ7="",51,$AJ7))^6)) | DC7: =IF(OR($CW7="",$CW7="No FRET",N($CZ7)<=0,N(IF($AK7="",68,$AK7))<=0),"",1/(1+($CZ7/IF($AK7="",68,$AK7))^6)) | DD7: =IF(OR($A7="",N($CP7)<=0),"",IF(IF($I7="",5000,$I7)>0,$CP7/(IF($G7="",5000,$G7)*IF($H7="",5000,$H7)*IF($I7="",5000,$I7))/1E-024/6.022E+023/0.000000001,"")) -> 0.13284623 | DE7: =IF(Calc!Y7=0,"",IF(Calc!W7>=1,"✖ saturated (B ≥ freq.)",IF(Calc!W7>0.1,"⚠ B > 10% of freq.",IF(Calc!W7=0,"⚠ no brightness",IF(Calc!X7>0.1,"⚠ step > 10% of wr",IF(OR(AND(N($CS7)>0,IF($O7="",1,$O7)<3),AND(N($CR7)>0,IF($O7="",1,$O7)<2)),"⚠ uses a colour above Colours = "&IF($O7="",1,$O7)&" (ignored)",IF(AND($CW7<>"",$CW7<>"No FRET",N(IF($O7="",1,$O7))<2),"⚠ FRET needs ≥ 2 colours",IF(AND($CW7<>"",$CW7<>"No FRET",N($CX7)+N($CY7)+N($CZ7)=0),"⚠ FRET: set R","✔ OK")))))))) -> ✖ saturated (B ≥ freq.) | DF7: Species 5 | DG7: 35 | DH7: 10 | DI7: 10000 | DJ7: 10000 | DK7: 0 | DL7: 4 | DM7: 3 | DN7: 2.5 | DO7: No FRET | DS7: =IF(OR($DO7="",$DO7="No FRET",N($DP7)<=0,N(IF($AI7="",63,$AI7))<=0),"",1/(1+($DP7/IF($AI7="",63,$AI7))^6)) | DT7: =IF(OR($DO7="",$DO7="No FRET",N($DQ7)<=0,N(IF($AJ7="",51,$AJ7))<=0),"",1/(1+($DQ7/IF($AJ7="",51,$AJ7))^6)) | DU7: =IF(OR($DO7="",$DO7="No FRET",N($DR7)<=0,N(IF($AK7="",68,$AK7))<=0),"",1/(1+($DR7/IF($AK7="",68,$AK7))^6)) | DV7: =IF(OR($A7="",N($DH7)<=0),"",IF(IF($I7="",5000,$I7)>0,$DH7/(IF($G7="",5000,$G7)*IF($H7="",5000,$H7)*IF($I7="",5000,$I7))/1E-024/6.022E+023/0.000000001,"")) -> 0.13284623 | DW7: =IF(Calc!AE7=0,"",IF(Calc!AC7>=1,"✖ saturated (B ≥ freq.)",IF(Calc!AC7>0.1,"⚠ B > 10% of freq.",IF(Calc!AC7=0,"⚠ no brightness",IF(Calc!AD7>0.1,"⚠ step > 10% of wr",IF(OR(AND(N($DK7)>0,IF($O7="",1,$O7)<3),AND(N($DJ7)>0,IF($O7="",1,$O7)<2)),"⚠ uses a colour above Colours = "&IF($O7="",1,$O7)&" (ignored)",IF(AND($DO7<>"",$DO7<>"No FRET",N(IF($O7="",1,$O7))<2),"⚠ FRET needs ≥ 2 colours",IF(AND($DO7<>"",$DO7<>"No FRET",N($DP7)+N($DQ7)+N($DR7)=0),"⚠ FRET: set R","✔ OK")))))))) -> ✖ saturated (B ≥ freq.) | DX7: Species 6 | DY7: 33 | DZ7: 10 | EA7: 20000 | EB7: 10000 | EC7: 0 | ED7: 4 | EE7: 3 | EF7: 2.5 | EG7: No FRET | EK7: =IF(OR($EG7="",$EG7="No FRET",N($EH7)<=0,N(IF($AI7="",63,$AI7))<=0),"",1/(1+($EH7/IF($AI7="",63,$AI7))^6)) | EL7: =IF(OR($EG7="",$EG7="No FRET",N($EI7)<=0,N(IF($AJ7="",51,$AJ7))<=0),"",1/(1+($EI7/IF($AJ7="",51,$AJ7))^6)) | EM7: =IF(OR($EG7="",$EG7="No FRET",N($EJ7)<=0,N(IF($AK7="",68,$AK7))<=0),"",1/(1+($EJ7/IF($AK7="",68,$AK7))^6)) | EN7: =IF(OR($A7="",N($DZ7)<=0),"",IF(IF($I7="",5000,$I7)>0,$DZ7/(IF($G7="",5000,$G7)*IF($H7="",5000,$H7)*IF($I7="",5000,$I7))/1E-024/6.022E+023/0.000000001,"")) -> 0.13284623 | EO7: =IF(Calc!AK7=0,"",IF(Calc!AI7>=1,"✖ saturated (B ≥ freq.)",IF(Calc!AI7>0.1,"⚠ B > 10% of freq.",IF(Calc!AI7=0,"⚠ no brightness",IF(Calc!AJ7>0.1,"⚠ step > 10% of wr",IF(OR(AND(N($EC7)>0,IF($O7="",1,$O7)<3),AND(N($EB7)>0,IF($O7="",1,$O7)<2)),"⚠ uses a colour above Colours = "&IF($O7="",1,$O7)&" (ignored)",IF(AND($EG7<>"",$EG7<>"No FRET",N(IF($O7="",1,$O7))<2),"⚠ FRET needs ≥ 2 colours",IF(AND($EG7<>"",$EG7<>"No FRET",N($EH7)+N($EI7)+N($EJ7)=0),"⚠ FRET: set R","✔ OK")))))))) -> ✖ saturated (B ≥ freq.) | EP7: =IF($A7="","",SUM(Calc!G7,Calc!M7,Calc!S7,Calc!Y7,Calc!AE7,Calc!AK7)) -> 6 | EQ7: =IF($A7="","",N($AN7)+N($BF7)+N($BX7)+N($CP7)+N($DH7)+N($DZ7)) -> 60 | ER7: =IF($A7="","",SUM(Calc!B7,Calc!H7,Calc!N7,Calc!T7,Calc!Z7,Calc!AF7)) -> 126.7472 | ES7: =IF($A7="","",SUM(Calc!C7,Calc!I7,Calc!O7,Calc!U7,Calc!AA7,Calc!AG7)) -> 117.41309 | ET7: =IF($A7="","",SUM(Calc!D7,Calc!J7,Calc!P7,Calc!V7,Calc!AB7,Calc!AH7)) -> 58.706546 | EU7: =IF($A7="","",($ER7+$ES7+$ET7+IF($P7="Yes",N($Q7)*N(IF($O7="",1,$O7)),0))*1000*IF($K7="",10,$K7)/1000000) -> 3.0286684 | EV7: =IF($A7="","",$EU7*1000000*12/1000000000) -> 0.036344021 | EW7: =IF($A7="","",IF($EP7=0,"⚠ no species entered",IF(((LEFT($BC7,1)="✖")+(LEFT($BU7,1)="✖")+(LEFT($CM7,1)="✖")+(LEFT($DE7,1)="✖")+(LEFT($DW7,1)="✖")+(LEFT($EO7,1)="✖"))>0,"✖ "&((LEFT($BC7,1)="✖")+(LEFT($BU7,1)="✖")+(LEFT($CM7,1)="✖")+(LEFT($DE7,1)="✖")+(LEFT($DW7,1)="✖")+(LEFT($EO7,1)="✖"))&" species saturated - see the species checks",IF(MIN(IF($G7="",5000,$G7),IF($H7="",5000,$H7))<8*MAX(IF($T7="",200,$T7),IF($U7="",200,$U7),IF($V7="",200,$V7)),"⚠ box too small laterally (< 8·wr)",IF(AND(IF($I7="",5000,$I7)>0,IF($I7="",5000,$I7)<3*MAX(IF($W7="",1000,$W7),IF($X7="",1000,$X7),IF($Y7="",1000,$Y7))),"⚠ box too small axially (< 3·wz)",IF($EV7>8,"⚠ > 8 GB per file: shorten the duration and use several files",IF(((LEFT($BC7,1)="⚠")+(LEFT($BU7,1)="⚠")+(LEFT($CM7,1)="⚠")+(LEFT($DE7,1)="⚠")+(LEFT($DW7,1)="⚠")+(LEFT($EO7,1)="⚠"))>0,"⚠ "&((LEFT($BC7,1)="⚠")+(LEFT($BU7,1)="⚠")+(LEFT($CM7,1)="⚠")+(LEFT($DE7,1)="⚠")+(LEFT($DW7,1)="⚠")+(LEFT($EO7,1)="⚠"))&" species with a warning","✔ OK"))))))) -> ✖ 6 species saturated - see the species checks | EX7: 1 | EZ7: .sim | FE7: from Simulation_parameters.xlsx (box size assumed)
A8: S04 | B8: Simulation_complexes_2nd_10N_200wr_1000wz_10s_60ns_1000kHz | C8: To test the code in a crowded environment | D8: /Fablab 4/Users/Fabio/PhD/Projects/3C_FCCS/Simulation/Complex | E8: Planned | F8: 3 | G8: 5000 | H8: 5000 | I8: 5000 | J8: 1000 | K8: 10 | L8: 1 | M8: 60 | N8: Point | O8: 3 | P8: No | Q8: 0.2 | R8: No | S8: 250 | T8: 200 | U8: 200 | V8: 200 | W8: 1000 | X8: 1000 | Y8: 1000 | Z8: 0 | AA8: 0 | AB8: 0 | AC8: 0 | AD8: 0 | AE8: 0 | AF8: 0 | AG8: 0 | AH8: 0 | AI8: 63 | AJ8: 51 | AK8: 68 | AL8: Species 1 | AM8: 400 | AN8: 10 | AO8: 10000 | AP8: 0 | AQ8: 0 | AR8: 4 | AS8: 3 | AT8: 2.5 | AU8: No FRET | AY8: =IF(OR($AU8="",$AU8="No FRET",N($AV8)<=0,N(IF($AI8="",63,$AI8))<=0),"",1/(1+($AV8/IF($AI8="",63,$AI8))^6)) | AZ8: =IF(OR($AU8="",$AU8="No FRET",N($AW8)<=0,N(IF($AJ8="",51,$AJ8))<=0),"",1/(1+($AW8/IF($AJ8="",51,$AJ8))^6)) | BA8: =IF(OR($AU8="",$AU8="No FRET",N($AX8)<=0,N(IF($AK8="",68,$AK8))<=0),"",1/(1+($AX8/IF($AK8="",68,$AK8))^6)) | BB8: =IF(OR($A8="",N($AN8)<=0),"",IF(IF($I8="",5000,$I8)>0,$AN8/(IF($G8="",5000,$G8)*IF($H8="",5000,$H8)*IF($I8="",5000,$I8))/1E-024/6.022E+023/0.000000001,"")) -> 0.13284623 | BC8: =IF(Calc!G8=0,"",IF(Calc!E8>=1,"✖ saturated (B ≥ freq.)",IF(Calc!E8>0.1,"⚠ B > 10% of freq.",IF(Calc!E8=0,"⚠ no brightness",IF(Calc!F8>0.1,"⚠ step > 10% of wr",IF(OR(AND(N($AQ8)>0,IF($O8="",1,$O8)<3),AND(N($AP8)>0,IF($O8="",1,$O8)<2)),"⚠ uses a colour above Colours = "&IF($O8="",1,$O8)&" (ignored)",IF(AND($AU8<>"",$AU8<>"No FRET",N(IF($O8="",1,$O8))<2),"⚠ FRET needs ≥ 2 colours",IF(AND($AU8<>"",$AU8<>"No FRET",N($AV8)+N($AW8)+N($AX8)=0),"⚠ FRET: set R","✔ OK")))))))) -> ✖ saturated (B ≥ freq.) | BD8: Species 2 | BE8: 400 | BF8: 10 | BG8: 0 | BH8: 7000 | BI8: 0 | BJ8: 4 | BK8: 3 | BL8: 2.5 | BM8: No FRET | BQ8: =IF(OR($BM8="",$BM8="No FRET",N($BN8)<=0,N(IF($AI8="",63,$AI8))<=0),"",1/(1+($BN8/IF($AI8="",63,$AI8))^6)) | BR8: =IF(OR($BM8="",$BM8="No FRET",N($BO8)<=0,N(IF($AJ8="",51,$AJ8))<=0),"",1/(1+($BO8/IF($AJ8="",51,$AJ8))^6)) | BS8: =IF(OR($BM8="",$BM8="No FRET",N($BP8)<=0,N(IF($AK8="",68,$AK8))<=0),"",1/(1+($BP8/IF($AK8="",68,$AK8))^6)) | BT8: =IF(OR($A8="",N($BF8)<=0),"",IF(IF($I8="",5000,$I8)>0,$BF8/(IF($G8="",5000,$G8)*IF($H8="",5000,$H8)*IF($I8="",5000,$I8))/1E-024/6.022E+023/0.000000001,"")) -> 0.13284623 | BU8: =IF(Calc!M8=0,"",IF(Calc!K8>=1,"✖ saturated (B ≥ freq.)",IF(Calc!K8>0.1,"⚠ B > 10% of freq.",IF(Calc!K8=0,"⚠ no brightness",IF(Calc!L8>0.1,"⚠ step > 10% of wr",IF(OR(AND(N($BI8)>0,IF($O8="",1,$O8)<3),AND(N($BH8)>0,IF($O8="",1,$O8)<2)),"⚠ uses a colour above Colours = "&IF($O8="",1,$O8)&" (ignored)",IF(AND($BM8<>"",$BM8<>"No FRET",N(IF($O8="",1,$O8))<2),"⚠ FRET needs ≥ 2 colours",IF(AND($BM8<>"",$BM8<>"No FRET",N($BN8)+N($BO8)+N($BP8)=0),"⚠ FRET: set R","✔ OK")))))))) -> ✖ saturated (B ≥ freq.) | BV8: Species 3 | BW8: 400 | BX8: 10 | BY8: 0 | BZ8: 0 | CA8: 5000 | CB8: 4 | CC8: 3 | CD8: 2.5 | CE8: No FRET | CI8: =IF(OR($CE8="",$CE8="No FRET",N($CF8)<=0,N(IF($AI8="",63,$AI8))<=0),"",1/(1+($CF8/IF($AI8="",63,$AI8))^6)) | CJ8: =IF(OR($CE8="",$CE8="No FRET",N($CG8)<=0,N(IF($AJ8="",51,$AJ8))<=0),"",1/(1+($CG8/IF($AJ8="",51,$AJ8))^6)) | CK8: =IF(OR($CE8="",$CE8="No FRET",N($CH8)<=0,N(IF($AK8="",68,$AK8))<=0),"",1/(1+($CH8/IF($AK8="",68,$AK8))^6)) | CL8: =IF(OR($A8="",N($BX8)<=0),"",IF(IF($I8="",5000,$I8)>0,$BX8/(IF($G8="",5000,$G8)*IF($H8="",5000,$H8)*IF($I8="",5000,$I8))/1E-024/6.022E+023/0.000000001,"")) -> 0.13284623 | CM8: =IF(Calc!S8=0,"",IF(Calc!Q8>=1,"✖ saturated (B ≥ freq.)",IF(Calc!Q8>0.1,"⚠ B > 10% of freq.",IF(Calc!Q8=0,"⚠ no brightness",IF(Calc!R8>0.1,"⚠ step > 10% of wr",IF(OR(AND(N($CA8)>0,IF($O8="",1,$O8)<3),AND(N($BZ8)>0,IF($O8="",1,$O8)<2)),"⚠ uses a colour above Colours = "&IF($O8="",1,$O8)&" (ignored)",IF(AND($CE8<>"",$CE8<>"No FRET",N(IF($O8="",1,$O8))<2),"⚠ FRET needs ≥ 2 colours",IF(AND($CE8<>"",$CE8<>"No FRET",N($CF8)+N($CG8)+N($CH8)=0),"⚠ FRET: set R","✔ OK")))))))) -> ✖ saturated (B ≥ freq.) | CN8: Species 4 | CO8: 33 | CP8: 10 | CQ8: 10000 | CR8: 7000 | CS8: 5000 | CT8: 4 | CU8: 3 | CV8: 2.5 | CW8: No FRET | DA8: =IF(OR($CW8="",$CW8="No FRET",N($CX8)<=0,N(IF($AI8="",63,$AI8))<=0),"",1/(1+($CX8/IF($AI8="",63,$AI8))^6)) | DB8: =IF(OR($CW8="",$CW8="No FRET",N($CY8)<=0,N(IF($AJ8="",51,$AJ8))<=0),"",1/(1+($CY8/IF($AJ8="",51,$AJ8))^6)) | DC8: =IF(OR($CW8="",$CW8="No FRET",N($CZ8)<=0,N(IF($AK8="",68,$AK8))<=0),"",1/(1+($CZ8/IF($AK8="",68,$AK8))^6)) | DD8: =IF(OR($A8="",N($CP8)<=0),"",IF(IF($I8="",5000,$I8)>0,$CP8/(IF($G8="",5000,$G8)*IF($H8="",5000,$H8)*IF($I8="",5000,$I8))/1E-024/6.022E+023/0.000000001,"")) -> 0.13284623 | DE8: =IF(Calc!Y8=0,"",IF(Calc!W8>=1,"✖ saturated (B ≥ freq.)",IF(Calc!W8>0.1,"⚠ B > 10% of freq.",IF(Calc!W8=0,"⚠ no brightness",IF(Calc!X8>0.1,"⚠ step > 10% of wr",IF(OR(AND(N($CS8)>0,IF($O8="",1,$O8)<3),AND(N($CR8)>0,IF($O8="",1,$O8)<2)),"⚠ uses a colour above Colours = "&IF($O8="",1,$O8)&" (ignored)",IF(AND($CW8<>"",$CW8<>"No FRET",N(IF($O8="",1,$O8))<2),"⚠ FRET needs ≥ 2 colours",IF(AND($CW8<>"",$CW8<>"No FRET",N($CX8)+N($CY8)+N($CZ8)=0),"⚠ FRET: set R","✔ OK")))))))) -> ✖ saturated (B ≥ freq.) | DF8: Species 5 | DG8: 33 | DH8: 10 | DI8: 20000 | DJ8: 7000 | DK8: 0 | DL8: 4 | DM8: 3 | DN8: 2.5 | DO8: No FRET | DS8: =IF(OR($DO8="",$DO8="No FRET",N($DP8)<=0,N(IF($AI8="",63,$AI8))<=0),"",1/(1+($DP8/IF($AI8="",63,$AI8))^6)) | DT8: =IF(OR($DO8="",$DO8="No FRET",N($DQ8)<=0,N(IF($AJ8="",51,$AJ8))<=0),"",1/(1+($DQ8/IF($AJ8="",51,$AJ8))^6)) | DU8: =IF(OR($DO8="",$DO8="No FRET",N($DR8)<=0,N(IF($AK8="",68,$AK8))<=0),"",1/(1+($DR8/IF($AK8="",68,$AK8))^6)) | DV8: =IF(OR($A8="",N($DH8)<=0),"",IF(IF($I8="",5000,$I8)>0,$DH8/(IF($G8="",5000,$G8)*IF($H8="",5000,$H8)*IF($I8="",5000,$I8))/1E-024/6.022E+023/0.000000001,"")) -> 0.13284623 | DW8: =IF(Calc!AE8=0,"",IF(Calc!AC8>=1,"✖ saturated (B ≥ freq.)",IF(Calc!AC8>0.1,"⚠ B > 10% of freq.",IF(Calc!AC8=0,"⚠ no brightness",IF(Calc!AD8>0.1,"⚠ step > 10% of wr",IF(OR(AND(N($DK8)>0,IF($O8="",1,$O8)<3),AND(N($DJ8)>0,IF($O8="",1,$O8)<2)),"⚠ uses a colour above Colours = "&IF($O8="",1,$O8)&" (ignored)",IF(AND($DO8<>"",$DO8<>"No FRET",N(IF($O8="",1,$O8))<2),"⚠ FRET needs ≥ 2 colours",IF(AND($DO8<>"",$DO8<>"No FRET",N($DP8)+N($DQ8)+N($DR8)=0),"⚠ FRET: set R","✔ OK")))))))) -> ✖ saturated (B ≥ freq.) | EK8: =IF(OR($EG8="",$EG8="No FRET",N($EH8)<=0,N(IF($AI8="",63,$AI8))<=0),"",1/(1+($EH8/IF($AI8="",63,$AI8))^6)) | EL8: =IF(OR($EG8="",$EG8="No FRET",N($EI8)<=0,N(IF($AJ8="",51,$AJ8))<=0),"",1/(1+($EI8/IF($AJ8="",51,$AJ8))^6)) | EM8: =IF(OR($EG8="",$EG8="No FRET",N($EJ8)<=0,N(IF($AK8="",68,$AK8))<=0),"",1/(1+($EJ8/IF($AK8="",68,$AK8))^6)) | EN8: =IF(OR($A8="",N($DZ8)<=0),"",IF(IF($I8="",5000,$I8)>0,$DZ8/(IF($G8="",5000,$G8)*IF($H8="",5000,$H8)*IF($I8="",5000,$I8))/1E-024/6.022E+023/0.000000001,"")) | EO8: =IF(Calc!AK8=0,"",IF(Calc!AI8>=1,"✖ saturated (B ≥ freq.)",IF(Calc!AI8>0.1,"⚠ B > 10% of freq.",IF(Calc!AI8=0,"⚠ no brightness",IF(Calc!AJ8>0.1,"⚠ step > 10% of wr",IF(OR(AND(N($EC8)>0,IF($O8="",1,$O8)<3),AND(N($EB8)>0,IF($O8="",1,$O8)<2)),"⚠ uses a colour above Colours = "&IF($O8="",1,$O8)&" (ignored)",IF(AND($EG8<>"",$EG8<>"No FRET",N(IF($O8="",1,$O8))<2),"⚠ FRET needs ≥ 2 colours",IF(AND($EG8<>"",$EG8<>"No FRET",N($EH8)+N($EI8)+N($EJ8)=0),"⚠ FRET: set R","✔ OK")))))))) | EP8: =IF($A8="","",SUM(Calc!G8,Calc!M8,Calc!S8,Calc!Y8,Calc!AE8,Calc!AK8)) -> 5 | EQ8: =IF($A8="","",N($AN8)+N($BF8)+N($BX8)+N($CP8)+N($DH8)+N($DZ8)) -> 50 | ER8: =IF($A8="","",SUM(Calc!B8,Calc!H8,Calc!N8,Calc!T8,Calc!Z8,Calc!AF8)) -> 97.393931 | ES8: =IF($A8="","",SUM(Calc!C8,Calc!I8,Calc!O8,Calc!U8,Calc!AA8,Calc!AG8)) -> 74.760097 | ET8: =IF($A8="","",SUM(Calc!D8,Calc!J8,Calc!P8,Calc!V8,Calc!AB8,Calc!AH8)) -> 41.974775 | EU8: =IF($A8="","",($ER8+$ES8+$ET8+IF($P8="Yes",N($Q8)*N(IF($O8="",1,$O8)),0))*1000*IF($K8="",10,$K8)/1000000) -> 2.141288 | EV8: =IF($A8="","",$EU8*1000000*12/1000000000) -> 0.025695456 | EW8: =IF($A8="","",IF($EP8=0,"⚠ no species entered",IF(((LEFT($BC8,1)="✖")+(LEFT($BU8,1)="✖")+(LEFT($CM8,1)="✖")+(LEFT($DE8,1)="✖")+(LEFT($DW8,1)="✖")+(LEFT($EO8,1)="✖"))>0,"✖ "&((LEFT($BC8,1)="✖")+(LEFT($BU8,1)="✖")+(LEFT($CM8,1)="✖")+(LEFT($DE8,1)="✖")+(LEFT($DW8,1)="✖")+(LEFT($EO8,1)="✖"))&" species saturated - see the species checks",IF(MIN(IF($G8="",5000,$G8),IF($H8="",5000,$H8))<8*MAX(IF($T8="",200,$T8),IF($U8="",200,$U8),IF($V8="",200,$V8)),"⚠ box too small laterally (< 8·wr)",IF(AND(IF($I8="",5000,$I8)>0,IF($I8="",5000,$I8)<3*MAX(IF($W8="",1000,$W8),IF($X8="",1000,$X8),IF($Y8="",1000,$Y8))),"⚠ box too small axially (< 3·wz)",IF($EV8>8,"⚠ > 8 GB per file: shorten the duration and use several files",IF(((LEFT($BC8,1)="⚠")+(LEFT($BU8,1)="⚠")+(LEFT($CM8,1)="⚠")+(LEFT($DE8,1)="⚠")+(LEFT($DW8,1)="⚠")+(LEFT($EO8,1)="⚠"))>0,"⚠ "&((LEFT($BC8,1)="⚠")+(LEFT($BU8,1)="⚠")+(LEFT($CM8,1)="⚠")+(LEFT($DE8,1)="⚠")+(LEFT($DW8,1)="⚠")+(LEFT($EO8,1)="⚠"))&" species with a warning","✔ OK"))))))) -> ✖ 5 species saturated - see the species checks | EX8: 1 | EZ8: .sim | FE8: from Simulation_parameters.xlsx (box size assumed)
A9: S05 | B9: Simulation_complexes_3rd_10N_200wr_1000wz_10s_60ns_1000kHz | C9: To test whether the code would give rise to a 3C cross-correlation when wrong | D9: /Fablab 4/Users/Fabio/PhD/Projects/3C_FCCS/Simulation/Complex | E9: Planned | F9: 3 | G9: 5000 | H9: 5000 | I9: 5000 | J9: 1000 | K9: 10 | L9: 1 | M9: 60 | N9: Point | O9: 3 | P9: No | Q9: 0.2 | R9: No | S9: 250 | T9: 200 | U9: 200 | V9: 200 | W9: 1000 | X9: 1000 | Y9: 1000 | Z9: 0 | AA9: 0 | AB9: 0 | AC9: 0 | AD9: 0 | AE9: 0 | AF9: 0 | AG9: 0 | AH9: 0 | AI9: 63 | AJ9: 51 | AK9: 68 | AL9: Species 1 | AM9: 400 | AN9: 10 | AO9: 10000 | AP9: 0 | AQ9: 0 | AR9: 4 | AS9: 3 | AT9: 2.5 | AU9: No FRET | AY9: =IF(OR($AU9="",$AU9="No FRET",N($AV9)<=0,N(IF($AI9="",63,$AI9))<=0),"",1/(1+($AV9/IF($AI9="",63,$AI9))^6)) | AZ9: =IF(OR($AU9="",$AU9="No FRET",N($AW9)<=0,N(IF($AJ9="",51,$AJ9))<=0),"",1/(1+($AW9/IF($AJ9="",51,$AJ9))^6)) | BA9: =IF(OR($AU9="",$AU9="No FRET",N($AX9)<=0,N(IF($AK9="",68,$AK9))<=0),"",1/(1+($AX9/IF($AK9="",68,$AK9))^6)) | BB9: =IF(OR($A9="",N($AN9)<=0),"",IF(IF($I9="",5000,$I9)>0,$AN9/(IF($G9="",5000,$G9)*IF($H9="",5000,$H9)*IF($I9="",5000,$I9))/1E-024/6.022E+023/0.000000001,"")) -> 0.13284623 | BC9: =IF(Calc!G9=0,"",IF(Calc!E9>=1,"✖ saturated (B ≥ freq.)",IF(Calc!E9>0.1,"⚠ B > 10% of freq.",IF(Calc!E9=0,"⚠ no brightness",IF(Calc!F9>0.1,"⚠ step > 10% of wr",IF(OR(AND(N($AQ9)>0,IF($O9="",1,$O9)<3),AND(N($AP9)>0,IF($O9="",1,$O9)<2)),"⚠ uses a colour above Colours = "&IF($O9="",1,$O9)&" (ignored)",IF(AND($AU9<>"",$AU9<>"No FRET",N(IF($O9="",1,$O9))<2),"⚠ FRET needs ≥ 2 colours",IF(AND($AU9<>"",$AU9<>"No FRET",N($AV9)+N($AW9)+N($AX9)=0),"⚠ FRET: set R","✔ OK")))))))) -> ✖ saturated (B ≥ freq.) | BD9: Species 2 | BE9: 400 | BF9: 10 | BG9: 0 | BH9: 7000 | BI9: 0 | BJ9: 4 | BK9: 3 | BL9: 2.5 | BM9: No FRET | BQ9: =IF(OR($BM9="",$BM9="No FRET",N($BN9)<=0,N(IF($AI9="",63,$AI9))<=0),"",1/(1+($BN9/IF($AI9="",63,$AI9))^6)) | BR9: =IF(OR($BM9="",$BM9="No FRET",N($BO9)<=0,N(IF($AJ9="",51,$AJ9))<=0),"",1/(1+($BO9/IF($AJ9="",51,$AJ9))^6)) | BS9: =IF(OR($BM9="",$BM9="No FRET",N($BP9)<=0,N(IF($AK9="",68,$AK9))<=0),"",1/(1+($BP9/IF($AK9="",68,$AK9))^6)) | BT9: =IF(OR($A9="",N($BF9)<=0),"",IF(IF($I9="",5000,$I9)>0,$BF9/(IF($G9="",5000,$G9)*IF($H9="",5000,$H9)*IF($I9="",5000,$I9))/1E-024/6.022E+023/0.000000001,"")) -> 0.13284623 | BU9: =IF(Calc!M9=0,"",IF(Calc!K9>=1,"✖ saturated (B ≥ freq.)",IF(Calc!K9>0.1,"⚠ B > 10% of freq.",IF(Calc!K9=0,"⚠ no brightness",IF(Calc!L9>0.1,"⚠ step > 10% of wr",IF(OR(AND(N($BI9)>0,IF($O9="",1,$O9)<3),AND(N($BH9)>0,IF($O9="",1,$O9)<2)),"⚠ uses a colour above Colours = "&IF($O9="",1,$O9)&" (ignored)",IF(AND($BM9<>"",$BM9<>"No FRET",N(IF($O9="",1,$O9))<2),"⚠ FRET needs ≥ 2 colours",IF(AND($BM9<>"",$BM9<>"No FRET",N($BN9)+N($BO9)+N($BP9)=0),"⚠ FRET: set R","✔ OK")))))))) -> ✖ saturated (B ≥ freq.) | BV9: Species 3 | BW9: 400 | BX9: 10 | BY9: 0 | BZ9: 0 | CA9: 5000 | CB9: 4 | CC9: 3 | CD9: 2.5 | CE9: No FRET | CI9: =IF(OR($CE9="",$CE9="No FRET",N($CF9)<=0,N(IF($AI9="",63,$AI9))<=0),"",1/(1+($CF9/IF($AI9="",63,$AI9))^6)) | CJ9: =IF(OR($CE9="",$CE9="No FRET",N($CG9)<=0,N(IF($AJ9="",51,$AJ9))<=0),"",1/(1+($CG9/IF($AJ9="",51,$AJ9))^6)) | CK9: =IF(OR($CE9="",$CE9="No FRET",N($CH9)<=0,N(IF($AK9="",68,$AK9))<=0),"",1/(1+($CH9/IF($AK9="",68,$AK9))^6)) | CL9: =IF(OR($A9="",N($BX9)<=0),"",IF(IF($I9="",5000,$I9)>0,$BX9/(IF($G9="",5000,$G9)*IF($H9="",5000,$H9)*IF($I9="",5000,$I9))/1E-024/6.022E+023/0.000000001,"")) -> 0.13284623 | CM9: =IF(Calc!S9=0,"",IF(Calc!Q9>=1,"✖ saturated (B ≥ freq.)",IF(Calc!Q9>0.1,"⚠ B > 10% of freq.",IF(Calc!Q9=0,"⚠ no brightness",IF(Calc!R9>0.1,"⚠ step > 10% of wr",IF(OR(AND(N($CA9)>0,IF($O9="",1,$O9)<3),AND(N($BZ9)>0,IF($O9="",1,$O9)<2)),"⚠ uses a colour above Colours = "&IF($O9="",1,$O9)&" (ignored)",IF(AND($CE9<>"",$CE9<>"No FRET",N(IF($O9="",1,$O9))<2),"⚠ FRET needs ≥ 2 colours",IF(AND($CE9<>"",$CE9<>"No FRET",N($CF9)+N($CG9)+N($CH9)=0),"⚠ FRET: set R","✔ OK")))))))) -> ✖ saturated (B ≥ freq.) | CN9: Species 4 | CO9: 33 | CP9: 10 | CQ9: 20000 | CR9: 7000 | CS9: 0 | CT9: 4 | CU9: 3 | CV9: 2.5 | CW9: No FRET | DA9: =IF(OR($CW9="",$CW9="No FRET",N($CX9)<=0,N(IF($AI9="",63,$AI9))<=0),"",1/(1+($CX9/IF($AI9="",63,$AI9))^6)) | DB9: =IF(OR($CW9="",$CW9="No FRET",N($CY9)<=0,N(IF($AJ9="",51,$AJ9))<=0),"",1/(1+($CY9/IF($AJ9="",51,$AJ9))^6)) | DC9: =IF(OR($CW9="",$CW9="No FRET",N($CZ9)<=0,N(IF($AK9="",68,$AK9))<=0),"",1/(1+($CZ9/IF($AK9="",68,$AK9))^6)) | DD9: =IF(OR($A9="",N($CP9)<=0),"",IF(IF($I9="",5000,$I9)>0,$CP9/(IF($G9="",5000,$G9)*IF($H9="",5000,$H9)*IF($I9="",5000,$I9))/1E-024/6.022E+023/0.000000001,"")) -> 0.13284623 | DE9: =IF(Calc!Y9=0,"",IF(Calc!W9>=1,"✖ saturated (B ≥ freq.)",IF(Calc!W9>0.1,"⚠ B > 10% of freq.",IF(Calc!W9=0,"⚠ no brightness",IF(Calc!X9>0.1,"⚠ step > 10% of wr",IF(OR(AND(N($CS9)>0,IF($O9="",1,$O9)<3),AND(N($CR9)>0,IF($O9="",1,$O9)<2)),"⚠ uses a colour above Colours = "&IF($O9="",1,$O9)&" (ignored)",IF(AND($CW9<>"",$CW9<>"No FRET",N(IF($O9="",1,$O9))<2),"⚠ FRET needs ≥ 2 colours",IF(AND($CW9<>"",$CW9<>"No FRET",N($CX9)+N($CY9)+N($CZ9)=0),"⚠ FRET: set R","✔ OK")))))))) -> ✖ saturated (B ≥ freq.) | DF9: Species 5 | DG9: 33 | DH9: 10 | DI9: 10000 | DJ9: 7000 | DK9: 5000 | DL9: 4 | DM9: 3 | DN9: 2.5 | DO9: No FRET | DS9: =IF(OR($DO9="",$DO9="No FRET",N($DP9)<=0,N(IF($AI9="",63,$AI9))<=0),"",1/(1+($DP9/IF($AI9="",63,$AI9))^6)) | DT9: =IF(OR($DO9="",$DO9="No FRET",N($DQ9)<=0,N(IF($AJ9="",51,$AJ9))<=0),"",1/(1+($DQ9/IF($AJ9="",51,$AJ9))^6)) | DU9: =IF(OR($DO9="",$DO9="No FRET",N($DR9)<=0,N(IF($AK9="",68,$AK9))<=0),"",1/(1+($DR9/IF($AK9="",68,$AK9))^6)) | DV9: =IF(OR($A9="",N($DH9)<=0),"",IF(IF($I9="",5000,$I9)>0,$DH9/(IF($G9="",5000,$G9)*IF($H9="",5000,$H9)*IF($I9="",5000,$I9))/1E-024/6.022E+023/0.000000001,"")) -> 0.13284623 | DW9: =IF(Calc!AE9=0,"",IF(Calc!AC9>=1,"✖ saturated (B ≥ freq.)",IF(Calc!AC9>0.1,"⚠ B > 10% of freq.",IF(Calc!AC9=0,"⚠ no brightness",IF(Calc!AD9>0.1,"⚠ step > 10% of wr",IF(OR(AND(N($DK9)>0,IF($O9="",1,$O9)<3),AND(N($DJ9)>0,IF($O9="",1,$O9)<2)),"⚠ uses a colour above Colours = "&IF($O9="",1,$O9)&" (ignored)",IF(AND($DO9<>"",$DO9<>"No FRET",N(IF($O9="",1,$O9))<2),"⚠ FRET needs ≥ 2 colours",IF(AND($DO9<>"",$DO9<>"No FRET",N($DP9)+N($DQ9)+N($DR9)=0),"⚠ FRET: set R","✔ OK")))))))) -> ✖ saturated (B ≥ freq.) | EK9: =IF(OR($EG9="",$EG9="No FRET",N($EH9)<=0,N(IF($AI9="",63,$AI9))<=0),"",1/(1+($EH9/IF($AI9="",63,$AI9))^6)) | EL9: =IF(OR($EG9="",$EG9="No FRET",N($EI9)<=0,N(IF($AJ9="",51,$AJ9))<=0),"",1/(1+($EI9/IF($AJ9="",51,$AJ9))^6)) | EM9: =IF(OR($EG9="",$EG9="No FRET",N($EJ9)<=0,N(IF($AK9="",68,$AK9))<=0),"",1/(1+($EJ9/IF($AK9="",68,$AK9))^6)) | EN9: =IF(OR($A9="",N($DZ9)<=0),"",IF(IF($I9="",5000,$I9)>0,$DZ9/(IF($G9="",5000,$G9)*IF($H9="",5000,$H9)*IF($I9="",5000,$I9))/1E-024/6.022E+023/0.000000001,"")) | EO9: =IF(Calc!AK9=0,"",IF(Calc!AI9>=1,"✖ saturated (B ≥ freq.)",IF(Calc!AI9>0.1,"⚠ B > 10% of freq.",IF(Calc!AI9=0,"⚠ no brightness",IF(Calc!AJ9>0.1,"⚠ step > 10% of wr",IF(OR(AND(N($EC9)>0,IF($O9="",1,$O9)<3),AND(N($EB9)>0,IF($O9="",1,$O9)<2)),"⚠ uses a colour above Colours = "&IF($O9="",1,$O9)&" (ignored)",IF(AND($EG9<>"",$EG9<>"No FRET",N(IF($O9="",1,$O9))<2),"⚠ FRET needs ≥ 2 colours",IF(AND($EG9<>"",$EG9<>"No FRET",N($EH9)+N($EI9)+N($EJ9)=0),"⚠ FRET: set R","✔ OK")))))))) | EP9: =IF($A9="","",SUM(Calc!G9,Calc!M9,Calc!S9,Calc!Y9,Calc!AE9,Calc!AK9)) -> 5 | EQ9: =IF($A9="","",N($AN9)+N($BF9)+N($BX9)+N($CP9)+N($DH9)+N($DZ9)) -> 50 | ER9: =IF($A9="","",SUM(Calc!B9,Calc!H9,Calc!N9,Calc!T9,Calc!Z9,Calc!AF9)) -> 97.393931 | ES9: =IF($A9="","",SUM(Calc!C9,Calc!I9,Calc!O9,Calc!U9,Calc!AA9,Calc!AG9)) -> 74.760097 | ET9: =IF($A9="","",SUM(Calc!D9,Calc!J9,Calc!P9,Calc!V9,Calc!AB9,Calc!AH9)) -> 41.974775 | EU9: =IF($A9="","",($ER9+$ES9+$ET9+IF($P9="Yes",N($Q9)*N(IF($O9="",1,$O9)),0))*1000*IF($K9="",10,$K9)/1000000) -> 2.141288 | EV9: =IF($A9="","",$EU9*1000000*12/1000000000) -> 0.025695456 | EW9: =IF($A9="","",IF($EP9=0,"⚠ no species entered",IF(((LEFT($BC9,1)="✖")+(LEFT($BU9,1)="✖")+(LEFT($CM9,1)="✖")+(LEFT($DE9,1)="✖")+(LEFT($DW9,1)="✖")+(LEFT($EO9,1)="✖"))>0,"✖ "&((LEFT($BC9,1)="✖")+(LEFT($BU9,1)="✖")+(LEFT($CM9,1)="✖")+(LEFT($DE9,1)="✖")+(LEFT($DW9,1)="✖")+(LEFT($EO9,1)="✖"))&" species saturated - see the species checks",IF(MIN(IF($G9="",5000,$G9),IF($H9="",5000,$H9))<8*MAX(IF($T9="",200,$T9),IF($U9="",200,$U9),IF($V9="",200,$V9)),"⚠ box too small laterally (< 8·wr)",IF(AND(IF($I9="",5000,$I9)>0,IF($I9="",5000,$I9)<3*MAX(IF($W9="",1000,$W9),IF($X9="",1000,$X9),IF($Y9="",1000,$Y9))),"⚠ box too small axially (< 3·wz)",IF($EV9>8,"⚠ > 8 GB per file: shorten the duration and use several files",IF(((LEFT($BC9,1)="⚠")+(LEFT($BU9,1)="⚠")+(LEFT($CM9,1)="⚠")+(LEFT($DE9,1)="⚠")+(LEFT($DW9,1)="⚠")+(LEFT($EO9,1)="⚠"))>0,"⚠ "&((LEFT($BC9,1)="⚠")+(LEFT($BU9,1)="⚠")+(LEFT($CM9,1)="⚠")+(LEFT($DE9,1)="⚠")+(LEFT($DW9,1)="⚠")+(LEFT($EO9,1)="⚠"))&" species with a warning","✔ OK"))))))) -> ✖ 5 species saturated - see the species checks | EX9: 1 | EZ9: .sim | FE9: from Simulation_parameters.xlsx (box size assumed)
A10: S06 | B10: Simulation_complexes_4th_10N_200wr_1000wz_10s_60ns_1000kHz | C10: To test whether the code would give rise to a 3C cross-correlation when wrong | D10: /Fablab 4/Users/Fabio/PhD/Projects/3C_FCCS/Simulation/Complex | E10: Planned | F10: 3 | G10: 5000 | H10: 5000 | I10: 5000 | J10: 1000 | K10: 10 | L10: 1 | M10: 60 | N10: Point | O10: 3 | P10: No | Q10: 0.2 | R10: No | S10: 250 | T10: 200 | U10: 200 | V10: 200 | W10: 1000 | X10: 1000 | Y10: 1000 | Z10: 0 | AA10: 0 | AB10: 0 | AC10: 0 | AD10: 0 | AE10: 0 | AF10: 0 | AG10: 0 | AH10: 0 | AI10: 63 | AJ10: 51 | AK10: 68 | AL10: Species 1 | AM10: 400 | AN10: 10 | AO10: 10000 | AP10: 0 | AQ10: 0 | AR10: 4 | AS10: 3 | AT10: 2.5 | AU10: No FRET | AY10: =IF(OR($AU10="",$AU10="No FRET",N($AV10)<=0,N(IF($AI10="",63,$AI10))<=0),"",1/(1+($AV10/IF($AI10="",63,$AI10))^6)) | AZ10: =IF(OR($AU10="",$AU10="No FRET",N($AW10)<=0,N(IF($AJ10="",51,$AJ10))<=0),"",1/(1+($AW10/IF($AJ10="",51,$AJ10))^6)) | BA10: =IF(OR($AU10="",$AU10="No FRET",N($AX10)<=0,N(IF($AK10="",68,$AK10))<=0),"",1/(1+($AX10/IF($AK10="",68,$AK10))^6)) | BB10: =IF(OR($A10="",N($AN10)<=0),"",IF(IF($I10="",5000,$I10)>0,$AN10/(IF($G10="",5000,$G10)*IF($H10="",5000,$H10)*IF($I10="",5000,$I10))/1E-024/6.022E+023/0.000000001,"")) -> 0.13284623 | BC10: =IF(Calc!G10=0,"",IF(Calc!E10>=1,"✖ saturated (B ≥ freq.)",IF(Calc!E10>0.1,"⚠ B > 10% of freq.",IF(Calc!E10=0,"⚠ no brightness",IF(Calc!F10>0.1,"⚠ step > 10% of wr",IF(OR(AND(N($AQ10)>0,IF($O10="",1,$O10)<3),AND(N($AP10)>0,IF($O10="",1,$O10)<2)),"⚠ uses a colour above Colours = "&IF($O10="",1,$O10)&" (ignored)",IF(AND($AU10<>"",$AU10<>"No FRET",N(IF($O10="",1,$O10))<2),"⚠ FRET needs ≥ 2 colours",IF(AND($AU10<>"",$AU10<>"No FRET",N($AV10)+N($AW10)+N($AX10)=0),"⚠ FRET: set R","✔ OK")))))))) -> ✖ saturated (B ≥ freq.) | BD10: Species 2 | BE10: 400 | BF10: 10 | BG10: 0 | BH10: 7000 | BI10: 0 | BJ10: 4 | BK10: 3 | BL10: 2.5 | BM10: No FRET | BQ10: =IF(OR($BM10="",$BM10="No FRET",N($BN10)<=0,N(IF($AI10="",63,$AI10))<=0),"",1/(1+($BN10/IF($AI10="",63,$AI10))^6)) | BR10: =IF(OR($BM10="",$BM10="No FRET",N($BO10)<=0,N(IF($AJ10="",51,$AJ10))<=0),"",1/(1+($BO10/IF($AJ10="",51,$AJ10))^6)) | BS10: =IF(OR($BM10="",$BM10="No FRET",N($BP10)<=0,N(IF($AK10="",68,$AK10))<=0),"",1/(1+($BP10/IF($AK10="",68,$AK10))^6)) | BT10: =IF(OR($A10="",N($BF10)<=0),"",IF(IF($I10="",5000,$I10)>0,$BF10/(IF($G10="",5000,$G10)*IF($H10="",5000,$H10)*IF($I10="",5000,$I10))/1E-024/6.022E+023/0.000000001,"")) -> 0.13284623 | BU10: =IF(Calc!M10=0,"",IF(Calc!K10>=1,"✖ saturated (B ≥ freq.)",IF(Calc!K10>0.1,"⚠ B > 10% of freq.",IF(Calc!K10=0,"⚠ no brightness",IF(Calc!L10>0.1,"⚠ step > 10% of wr",IF(OR(AND(N($BI10)>0,IF($O10="",1,$O10)<3),AND(N($BH10)>0,IF($O10="",1,$O10)<2)),"⚠ uses a colour above Colours = "&IF($O10="",1,$O10)&" (ignored)",IF(AND($BM10<>"",$BM10<>"No FRET",N(IF($O10="",1,$O10))<2),"⚠ FRET needs ≥ 2 colours",IF(AND($BM10<>"",$BM10<>"No FRET",N($BN10)+N($BO10)+N($BP10)=0),"⚠ FRET: set R","✔ OK")))))))) -> ✖ saturated (B ≥ freq.) | BV10: Species 3 | BW10: 400 | BX10: 10 | BY10: 0 | BZ10: 0 | CA10: 5000 | CB10: 4 | CC10: 3 | CD10: 2.5 | CE10: No FRET | CI10: =IF(OR($CE10="",$CE10="No FRET",N($CF10)<=0,N(IF($AI10="",63,$AI10))<=0),"",1/(1+($CF10/IF($AI10="",63,$AI10))^6)) | CJ10: =IF(OR($CE10="",$CE10="No FRET",N($CG10)<=0,N(IF($AJ10="",51,$AJ10))<=0),"",1/(1+($CG10/IF($AJ10="",51,$AJ10))^6)) | CK10: =IF(OR($CE10="",$CE10="No FRET",N($CH10)<=0,N(IF($AK10="",68,$AK10))<=0),"",1/(1+($CH10/IF($AK10="",68,$AK10))^6)) | CL10: =IF(OR($A10="",N($BX10)<=0),"",IF(IF($I10="",5000,$I10)>0,$BX10/(IF($G10="",5000,$G10)*IF($H10="",5000,$H10)*IF($I10="",5000,$I10))/1E-024/6.022E+023/0.000000001,"")) -> 0.13284623 | CM10: =IF(Calc!S10=0,"",IF(Calc!Q10>=1,"✖ saturated (B ≥ freq.)",IF(Calc!Q10>0.1,"⚠ B > 10% of freq.",IF(Calc!Q10=0,"⚠ no brightness",IF(Calc!R10>0.1,"⚠ step > 10% of wr",IF(OR(AND(N($CA10)>0,IF($O10="",1,$O10)<3),AND(N($BZ10)>0,IF($O10="",1,$O10)<2)),"⚠ uses a colour above Colours = "&IF($O10="",1,$O10)&" (ignored)",IF(AND($CE10<>"",$CE10<>"No FRET",N(IF($O10="",1,$O10))<2),"⚠ FRET needs ≥ 2 colours",IF(AND($CE10<>"",$CE10<>"No FRET",N($CF10)+N($CG10)+N($CH10)=0),"⚠ FRET: set R","✔ OK")))))))) -> ✖ saturated (B ≥ freq.) | CN10: Species 4 | CO10: 33 | CP10: 10 | CQ10: 20000 | CR10: 7000 | CS10: 0 | CT10: 4 | CU10: 3 | CV10: 2.5 | CW10: No FRET | DA10: =IF(OR($CW10="",$CW10="No FRET",N($CX10)<=0,N(IF($AI10="",63,$AI10))<=0),"",1/(1+($CX10/IF($AI10="",63,$AI10))^6)) | DB10: =IF(OR($CW10="",$CW10="No FRET",N($CY10)<=0,N(IF($AJ10="",51,$AJ10))<=0),"",1/(1+($CY10/IF($AJ10="",51,$AJ10))^6)) | DC10: =IF(OR($CW10="",$CW10="No FRET",N($CZ10)<=0,N(IF($AK10="",68,$AK10))<=0),"",1/(1+($CZ10/IF($AK10="",68,$AK10))^6)) | DD10: =IF(OR($A10="",N($CP10)<=0),"",IF(IF($I10="",5000,$I10)>0,$CP10/(IF($G10="",5000,$G10)*IF($H10="",5000,$H10)*IF($I10="",5000,$I10))/1E-024/6.022E+023/0.000000001,"")) -> 0.13284623 | DE10: =IF(Calc!Y10=0,"",IF(Calc!W10>=1,"✖ saturated (B ≥ freq.)",IF(Calc!W10>0.1,"⚠ B > 10% of freq.",IF(Calc!W10=0,"⚠ no brightness",IF(Calc!X10>0.1,"⚠ step > 10% of wr",IF(OR(AND(N($CS10)>0,IF($O10="",1,$O10)<3),AND(N($CR10)>0,IF($O10="",1,$O10)<2)),"⚠ uses a colour above Colours = "&IF($O10="",1,$O10)&" (ignored)",IF(AND($CW10<>"",$CW10<>"No FRET",N(IF($O10="",1,$O10))<2),"⚠ FRET needs ≥ 2 colours",IF(AND($CW10<>"",$CW10<>"No FRET",N($CX10)+N($CY10)+N($CZ10)=0),"⚠ FRET: set R","✔ OK")))))))) -> ✖ saturated (B ≥ freq.) | DF10: Species 5 | DG10: 33 | DH10: 10 | DI10: 10000 | DJ10: 0 | DK10: 5000 | DL10: 4 | DM10: 3 | DN10: 2.5 | DO10: No FRET | DS10: =IF(OR($DO10="",$DO10="No FRET",N($DP10)<=0,N(IF($AI10="",63,$AI10))<=0),"",1/(1+($DP10/IF($AI10="",63,$AI10))^6)) | DT10: =IF(OR($DO10="",$DO10="No FRET",N($DQ10)<=0,N(IF($AJ10="",51,$AJ10))<=0),"",1/(1+($DQ10/IF($AJ10="",51,$AJ10))^6)) | DU10: =IF(OR($DO10="",$DO10="No FRET",N($DR10)<=0,N(IF($AK10="",68,$AK10))<=0),"",1/(1+($DR10/IF($AK10="",68,$AK10))^6)) | DV10: =IF(OR($A10="",N($DH10)<=0),"",IF(IF($I10="",5000,$I10)>0,$DH10/(IF($G10="",5000,$G10)*IF($H10="",5000,$H10)*IF($I10="",5000,$I10))/1E-024/6.022E+023/0.000000001,"")) -> 0.13284623 | DW10: =IF(Calc!AE10=0,"",IF(Calc!AC10>=1,"✖ saturated (B ≥ freq.)",IF(Calc!AC10>0.1,"⚠ B > 10% of freq.",IF(Calc!AC10=0,"⚠ no brightness",IF(Calc!AD10>0.1,"⚠ step > 10% of wr",IF(OR(AND(N($DK10)>0,IF($O10="",1,$O10)<3),AND(N($DJ10)>0,IF($O10="",1,$O10)<2)),"⚠ uses a colour above Colours = "&IF($O10="",1,$O10)&" (ignored)",IF(AND($DO10<>"",$DO10<>"No FRET",N(IF($O10="",1,$O10))<2),"⚠ FRET needs ≥ 2 colours",IF(AND($DO10<>"",$DO10<>"No FRET",N($DP10)+N($DQ10)+N($DR10)=0),"⚠ FRET: set R","✔ OK")))))))) -> ✖ saturated (B ≥ freq.) | DX10: Species 6 | DY10: 33 | DZ10: 10 | EA10: 0 | EB10: 7000 | EC10: 10000 | ED10: 4 | EE10: 3 | EF10: 2.5 | EG10: No FRET | EK10: =IF(OR($EG10="",$EG10="No FRET",N($EH10)<=0,N(IF($AI10="",63,$AI10))<=0),"",1/(1+($EH10/IF($AI10="",63,$AI10))^6)) | EL10: =IF(OR($EG10="",$EG10="No FRET",N($EI10)<=0,N(IF($AJ10="",51,$AJ10))<=0),"",1/(1+($EI10/IF($AJ10="",51,$AJ10))^6)) | EM10: =IF(OR($EG10="",$EG10="No FRET",N($EJ10)<=0,N(IF($AK10="",68,$AK10))<=0),"",1/(1+($EJ10/IF($AK10="",68,$AK10))^6)) | EN10: =IF(OR($A10="",N($DZ10)<=0),"",IF(IF($I10="",5000,$I10)>0,$DZ10/(IF($G10="",5000,$G10)*IF($H10="",5000,$H10)*IF($I10="",5000,$I10))/1E-024/6.022E+023/0.000000001,"")) -> 0.13284623 | EO10: =IF(Calc!AK10=0,"",IF(Calc!AI10>=1,"✖ saturated (B ≥ freq.)",IF(Calc!AI10>0.1,"⚠ B > 10% of freq.",IF(Calc!AI10=0,"⚠ no brightness",IF(Calc!AJ10>0.1,"⚠ step > 10% of wr",IF(OR(AND(N($EC10)>0,IF($O10="",1,$O10)<3),AND(N($EB10)>0,IF($O10="",1,$O10)<2)),"⚠ uses a colour above Colours = "&IF($O10="",1,$O10)&" (ignored)",IF(AND($EG10<>"",$EG10<>"No FRET",N(IF($O10="",1,$O10))<2),"⚠ FRET needs ≥ 2 colours",IF(AND($EG10<>"",$EG10<>"No FRET",N($EH10)+N($EI10)+N($EJ10)=0),"⚠ FRET: set R","✔ OK")))))))) -> ✖ saturated (B ≥ freq.) | EP10: =IF($A10="","",SUM(Calc!G10,Calc!M10,Calc!S10,Calc!Y10,Calc!AE10,Calc!AK10)) -> 6 | EQ10: =IF($A10="","",N($AN10)+N($BF10)+N($BX10)+N($CP10)+N($DH10)+N($DZ10)) -> 60 | ER10: =IF($A10="","",SUM(Calc!B10,Calc!H10,Calc!N10,Calc!T10,Calc!Z10,Calc!AF10)) -> 97.393931 | ES10: =IF($A10="","",SUM(Calc!C10,Calc!I10,Calc!O10,Calc!U10,Calc!AA10,Calc!AG10)) -> 74.760097 | ET10: =IF($A10="","",SUM(Calc!D10,Calc!J10,Calc!P10,Calc!V10,Calc!AB10,Calc!AH10)) -> 71.328049 | EU10: =IF($A10="","",($ER10+$ES10+$ET10+IF($P10="Yes",N($Q10)*N(IF($O10="",1,$O10)),0))*1000*IF($K10="",10,$K10)/1000000) -> 2.4348208 | EV10: =IF($A10="","",$EU10*1000000*12/1000000000) -> 0.029217849 | EW10: =IF($A10="","",IF($EP10=0,"⚠ no species entered",IF(((LEFT($BC10,1)="✖")+(LEFT($BU10,1)="✖")+(LEFT($CM10,1)="✖")+(LEFT($DE10,1)="✖")+(LEFT($DW10,1)="✖")+(LEFT($EO10,1)="✖"))>0,"✖ "&((LEFT($BC10,1)="✖")+(LEFT($BU10,1)="✖")+(LEFT($CM10,1)="✖")+(LEFT($DE10,1)="✖")+(LEFT($DW10,1)="✖")+(LEFT($EO10,1)="✖"))&" species saturated - see the species checks",IF(MIN(IF($G10="",5000,$G10),IF($H10="",5000,$H10))<8*MAX(IF($T10="",200,$T10),IF($U10="",200,$U10),IF($V10="",200,$V10)),"⚠ box too small laterally (< 8·wr)",IF(AND(IF($I10="",5000,$I10)>0,IF($I10="",5000,$I10)<3*MAX(IF($W10="",1000,$W10),IF($X10="",1000,$X10),IF($Y10="",1000,$Y10))),"⚠ box too small axially (< 3·wz)",IF($EV10>8,"⚠ > 8 GB per file: shorten the duration and use several files",IF(((LEFT($BC10,1)="⚠")+(LEFT($BU10,1)="⚠")+(LEFT($CM10,1)="⚠")+(LEFT($DE10,1)="⚠")+(LEFT($DW10,1)="⚠")+(LEFT($EO10,1)="⚠"))>0,"⚠ "&((LEFT($BC10,1)="⚠")+(LEFT($BU10,1)="⚠")+(LEFT($CM10,1)="⚠")+(LEFT($DE10,1)="⚠")+(LEFT($DW10,1)="⚠")+(LEFT($EO10,1)="⚠"))&" species with a warning","✔ OK"))))))) -> ✖ 6 species saturated - see the species checks | EX10: 1 | EZ10: .sim | FE10: from Simulation_parameters.xlsx (box size assumed)
A11: S07 | B11: Crazy | C11: What happens to 3C if the environment is very crowded | D11: /Fablab 4/Users/Fabio/PhD/Projects/3C_FCCS/Simulation/Complex | E11: Planned | F11: 3 | G11: 5000 | H11: 5000 | I11: 5000 | J11: 1000 | K11: 30 | L11: 1 | M11: 60 | N11: Point | O11: 3 | P11: No | Q11: 0.2 | R11: No | S11: 250 | T11: 200 | U11: 200 | V11: 200 | W11: 1000 | X11: 1000 | Y11: 1000 | Z11: 0 | AA11: 0 | AB11: 0 | AC11: 0 | AD11: 0 | AE11: 0 | AF11: 0 | AG11: 0 | AH11: 0 | AI11: 63 | AJ11: 51 | AK11: 68 | AL11: Species 1 | AM11: 35 | AN11: 100 | AO11: 1000 | AP11: 700 | AQ11: 500 | AR11: 4 | AS11: 3 | AT11: 2 | AU11: No FRET | AY11: =IF(OR($AU11="",$AU11="No FRET",N($AV11)<=0,N(IF($AI11="",63,$AI11))<=0),"",1/(1+($AV11/IF($AI11="",63,$AI11))^6)) | AZ11: =IF(OR($AU11="",$AU11="No FRET",N($AW11)<=0,N(IF($AJ11="",51,$AJ11))<=0),"",1/(1+($AW11/IF($AJ11="",51,$AJ11))^6)) | BA11: =IF(OR($AU11="",$AU11="No FRET",N($AX11)<=0,N(IF($AK11="",68,$AK11))<=0),"",1/(1+($AX11/IF($AK11="",68,$AK11))^6)) | BB11: =IF(OR($A11="",N($AN11)<=0),"",IF(IF($I11="",5000,$I11)>0,$AN11/(IF($G11="",5000,$G11)*IF($H11="",5000,$H11)*IF($I11="",5000,$I11))/1E-024/6.022E+023/0.000000001,"")) -> 1.3284623 | BC11: =IF(Calc!G11=0,"",IF(Calc!E11>=1,"✖ saturated (B ≥ freq.)",IF(Calc!E11>0.1,"⚠ B > 10% of freq.",IF(Calc!E11=0,"⚠ no brightness",IF(Calc!F11>0.1,"⚠ step > 10% of wr",IF(OR(AND(N($AQ11)>0,IF($O11="",1,$O11)<3),AND(N($AP11)>0,IF($O11="",1,$O11)<2)),"⚠ uses a colour above Colours = "&IF($O11="",1,$O11)&" (ignored)",IF(AND($AU11<>"",$AU11<>"No FRET",N(IF($O11="",1,$O11))<2),"⚠ FRET needs ≥ 2 colours",IF(AND($AU11<>"",$AU11<>"No FRET",N($AV11)+N($AW11)+N($AX11)=0),"⚠ FRET: set R","✔ OK")))))))) -> ✖ saturated (B ≥ freq.) | BD11: Species 2 | BE11: 35 | BF11: 1000 | BG11: 1000 | BH11: 0 | BI11: 500 | BJ11: 4 | BK11: 3 | BL11: 2 | BM11: No FRET | BQ11: =IF(OR($BM11="",$BM11="No FRET",N($BN11)<=0,N(IF($AI11="",63,$AI11))<=0),"",1/(1+($BN11/IF($AI11="",63,$AI11))^6)) | BR11: =IF(OR($BM11="",$BM11="No FRET",N($BO11)<=0,N(IF($AJ11="",51,$AJ11))<=0),"",1/(1+($BO11/IF($AJ11="",51,$AJ11))^6)) | BS11: =IF(OR($BM11="",$BM11="No FRET",N($BP11)<=0,N(IF($AK11="",68,$AK11))<=0),"",1/(1+($BP11/IF($AK11="",68,$AK11))^6)) | BT11: =IF(OR($A11="",N($BF11)<=0),"",IF(IF($I11="",5000,$I11)>0,$BF11/(IF($G11="",5000,$G11)*IF($H11="",5000,$H11)*IF($I11="",5000,$I11))/1E-024/6.022E+023/0.000000001,"")) -> 13.284623 | BU11: =IF(Calc!M11=0,"",IF(Calc!K11>=1,"✖ saturated (B ≥ freq.)",IF(Calc!K11>0.1,"⚠ B > 10% of freq.",IF(Calc!K11=0,"⚠ no brightness",IF(Calc!L11>0.1,"⚠ step > 10% of wr",IF(OR(AND(N($BI11)>0,IF($O11="",1,$O11)<3),AND(N($BH11)>0,IF($O11="",1,$O11)<2)),"⚠ uses a colour above Colours = "&IF($O11="",1,$O11)&" (ignored)",IF(AND($BM11<>"",$BM11<>"No FRET",N(IF($O11="",1,$O11))<2),"⚠ FRET needs ≥ 2 colours",IF(AND($BM11<>"",$BM11<>"No FRET",N($BN11)+N($BO11)+N($BP11)=0),"⚠ FRET: set R","✔ OK")))))))) -> ✖ saturated (B ≥ freq.) | BV11: Species 3 | BW11: 35 | BX11: 500 | BY11: 1000 | BZ11: 700 | CA11: 0 | CB11: 4 | CC11: 3 | CD11: 2 | CE11: No FRET | CI11: =IF(OR($CE11="",$CE11="No FRET",N($CF11)<=0,N(IF($AI11="",63,$AI11))<=0),"",1/(1+($CF11/IF($AI11="",63,$AI11))^6)) | CJ11: =IF(OR($CE11="",$CE11="No FRET",N($CG11)<=0,N(IF($AJ11="",51,$AJ11))<=0),"",1/(1+($CG11/IF($AJ11="",51,$AJ11))^6)) | CK11: =IF(OR($CE11="",$CE11="No FRET",N($CH11)<=0,N(IF($AK11="",68,$AK11))<=0),"",1/(1+($CH11/IF($AK11="",68,$AK11))^6)) | CL11: =IF(OR($A11="",N($BX11)<=0),"",IF(IF($I11="",5000,$I11)>0,$BX11/(IF($G11="",5000,$G11)*IF($H11="",5000,$H11)*IF($I11="",5000,$I11))/1E-024/6.022E+023/0.000000001,"")) -> 6.6423115 | CM11: =IF(Calc!S11=0,"",IF(Calc!Q11>=1,"✖ saturated (B ≥ freq.)",IF(Calc!Q11>0.1,"⚠ B > 10% of freq.",IF(Calc!Q11=0,"⚠ no brightness",IF(Calc!R11>0.1,"⚠ step > 10% of wr",IF(OR(AND(N($CA11)>0,IF($O11="",1,$O11)<3),AND(N($BZ11)>0,IF($O11="",1,$O11)<2)),"⚠ uses a colour above Colours = "&IF($O11="",1,$O11)&" (ignored)",IF(AND($CE11<>"",$CE11<>"No FRET",N(IF($O11="",1,$O11))<2),"⚠ FRET needs ≥ 2 colours",IF(AND($CE11<>"",$CE11<>"No FRET",N($CF11)+N($CG11)+N($CH11)=0),"⚠ FRET: set R","✔ OK")))))))) -> ✖ saturated (B ≥ freq.) | DA11: =IF(OR($CW11="",$CW11="No FRET",N($CX11)<=0,N(IF($AI11="",63,$AI11))<=0),"",1/(1+($CX11/IF($AI11="",63,$AI11))^6)) | DB11: =IF(OR($CW11="",$CW11="No FRET",N($CY11)<=0,N(IF($AJ11="",51,$AJ11))<=0),"",1/(1+($CY11/IF($AJ11="",51,$AJ11))^6)) | DC11: =IF(OR($CW11="",$CW11="No FRET",N($CZ11)<=0,N(IF($AK11="",68,$AK11))<=0),"",1/(1+($CZ11/IF($AK11="",68,$AK11))^6)) | DD11: =IF(OR($A11="",N($CP11)<=0),"",IF(IF($I11="",5000,$I11)>0,$CP11/(IF($G11="",5000,$G11)*IF($H11="",5000,$H11)*IF($I11="",5000,$I11))/1E-024/6.022E+023/0.000000001,"")) | DE11: =IF(Calc!Y11=0,"",IF(Calc!W11>=1,"✖ saturated (B ≥ freq.)",IF(Calc!W11>0.1,"⚠ B > 10% of freq.",IF(Calc!W11=0,"⚠ no brightness",IF(Calc!X11>0.1,"⚠ step > 10% of wr",IF(OR(AND(N($CS11)>0,IF($O11="",1,$O11)<3),AND(N($CR11)>0,IF($O11="",1,$O11)<2)),"⚠ uses a colour above Colours = "&IF($O11="",1,$O11)&" (ignored)",IF(AND($CW11<>"",$CW11<>"No FRET",N(IF($O11="",1,$O11))<2),"⚠ FRET needs ≥ 2 colours",IF(AND($CW11<>"",$CW11<>"No FRET",N($CX11)+N($CY11)+N($CZ11)=0),"⚠ FRET: set R","✔ OK")))))))) | DS11: =IF(OR($DO11="",$DO11="No FRET",N($DP11)<=0,N(IF($AI11="",63,$AI11))<=0),"",1/(1+($DP11/IF($AI11="",63,$AI11))^6)) | DT11: =IF(OR($DO11="",$DO11="No FRET",N($DQ11)<=0,N(IF($AJ11="",51,$AJ11))<=0),"",1/(1+($DQ11/IF($AJ11="",51,$AJ11))^6)) | DU11: =IF(OR($DO11="",$DO11="No FRET",N($DR11)<=0,N(IF($AK11="",68,$AK11))<=0),"",1/(1+($DR11/IF($AK11="",68,$AK11))^6)) | DV11: =IF(OR($A11="",N($DH11)<=0),"",IF(IF($I11="",5000,$I11)>0,$DH11/(IF($G11="",5000,$G11)*IF($H11="",5000,$H11)*IF($I11="",5000,$I11))/1E-024/6.022E+023/0.000000001,"")) | DW11: =IF(Calc!AE11=0,"",IF(Calc!AC11>=1,"✖ saturated (B ≥ freq.)",IF(Calc!AC11>0.1,"⚠ B > 10% of freq.",IF(Calc!AC11=0,"⚠ no brightness",IF(Calc!AD11>0.1,"⚠ step > 10% of wr",IF(OR(AND(N($DK11)>0,IF($O11="",1,$O11)<3),AND(N($DJ11)>0,IF($O11="",1,$O11)<2)),"⚠ uses a colour above Colours = "&IF($O11="",1,$O11)&" (ignored)",IF(AND($DO11<>"",$DO11<>"No FRET",N(IF($O11="",1,$O11))<2),"⚠ FRET needs ≥ 2 colours",IF(AND($DO11<>"",$DO11<>"No FRET",N($DP11)+N($DQ11)+N($DR11)=0),"⚠ FRET: set R","✔ OK")))))))) | EK11: =IF(OR($EG11="",$EG11="No FRET",N($EH11)<=0,N(IF($AI11="",63,$AI11))<=0),"",1/(1+($EH11/IF($AI11="",63,$AI11))^6)) | EL11: =IF(OR($EG11="",$EG11="No FRET",N($EI11)<=0,N(IF($AJ11="",51,$AJ11))<=0),"",1/(1+($EI11/IF($AJ11="",51,$AJ11))^6)) | EM11: =IF(OR($EG11="",$EG11="No FRET",N($EJ11)<=0,N(IF($AK11="",68,$AK11))<=0),"",1/(1+($EJ11/IF($AK11="",68,$AK11))^6)) | EN11: =IF(OR($A11="",N($DZ11)<=0),"",IF(IF($I11="",5000,$I11)>0,$DZ11/(IF($G11="",5000,$G11)*IF($H11="",5000,$H11)*IF($I11="",5000,$I11))/1E-024/6.022E+023/0.000000001,"")) | EO11: =IF(Calc!AK11=0,"",IF(Calc!AI11>=1,"✖ saturated (B ≥ freq.)",IF(Calc!AI11>0.1,"⚠ B > 10% of freq.",IF(Calc!AI11=0,"⚠ no brightness",IF(Calc!AJ11>0.1,"⚠ step > 10% of wr",IF(OR(AND(N($EC11)>0,IF($O11="",1,$O11)<3),AND(N($EB11)>0,IF($O11="",1,$O11)<2)),"⚠ uses a colour above Colours = "&IF($O11="",1,$O11)&" (ignored)",IF(AND($EG11<>"",$EG11<>"No FRET",N(IF($O11="",1,$O11))<2),"⚠ FRET needs ≥ 2 colours",IF(AND($EG11<>"",$EG11<>"No FRET",N($EH11)+N($EI11)+N($EJ11)=0),"⚠ FRET: set R","✔ OK")))))))) | EP11: =IF($A11="","",SUM(Calc!G11,Calc!M11,Calc!S11,Calc!Y11,Calc!AE11,Calc!AK11)) -> 3 | EQ11: =IF($A11="","",N($AN11)+N($BF11)+N($BX11)+N($CP11)+N($DH11)+N($DZ11)) -> 1600 | ER11: =IF($A11="","",SUM(Calc!B11,Calc!H11,Calc!N11,Calc!T11,Calc!Z11,Calc!AF11)) -> 1007.975 | ES11: =IF($A11="","",SUM(Calc!C11,Calc!I11,Calc!O11,Calc!U11,Calc!AA11,Calc!AG11)) -> 264.59345 | ET11: =IF($A11="","",SUM(Calc!D11,Calc!J11,Calc!P11,Calc!V11,Calc!AB11,Calc!AH11)) -> 346.49142 | EU11: =IF($A11="","",($ER11+$ES11+$ET11+IF($P11="Yes",N($Q11)*N(IF($O11="",1,$O11)),0))*1000*IF($K11="",10,$K11)/1000000) -> 48.571797 | EV11: =IF($A11="","",$EU11*1000000*12/1000000000) -> 0.58286156 | EW11: =IF($A11="","",IF($EP11=0,"⚠ no species entered",IF(((LEFT($BC11,1)="✖")+(LEFT($BU11,1)="✖")+(LEFT($CM11,1)="✖")+(LEFT($DE11,1)="✖")+(LEFT($DW11,1)="✖")+(LEFT($EO11,1)="✖"))>0,"✖ "&((LEFT($BC11,1)="✖")+(LEFT($BU11,1)="✖")+(LEFT($CM11,1)="✖")+(LEFT($DE11,1)="✖")+(LEFT($DW11,1)="✖")+(LEFT($EO11,1)="✖"))&" species saturated - see the species checks",IF(MIN(IF($G11="",5000,$G11),IF($H11="",5000,$H11))<8*MAX(IF($T11="",200,$T11),IF($U11="",200,$U11),IF($V11="",200,$V11)),"⚠ box too small laterally (< 8·wr)",IF(AND(IF($I11="",5000,$I11)>0,IF($I11="",5000,$I11)<3*MAX(IF($W11="",1000,$W11),IF($X11="",1000,$X11),IF($Y11="",1000,$Y11))),"⚠ box too small axially (< 3·wz)",IF($EV11>8,"⚠ > 8 GB per file: shorten the duration and use several files",IF(((LEFT($BC11,1)="⚠")+(LEFT($BU11,1)="⚠")+(LEFT($CM11,1)="⚠")+(LEFT($DE11,1)="⚠")+(LEFT($DW11,1)="⚠")+(LEFT($EO11,1)="⚠"))>0,"⚠ "&((LEFT($BC11,1)="⚠")+(LEFT($BU11,1)="⚠")+(LEFT($CM11,1)="⚠")+(LEFT($DE11,1)="⚠")+(LEFT($DW11,1)="⚠")+(LEFT($EO11,1)="⚠"))&" species with a warning","✔ OK"))))))) -> ✖ 3 species saturated - see the species checks | EX11: 1 | EZ11: .sim | FE11: from Simulation_parameters.xlsx (box size assumed)
A12: S08 | B12: Crazy_2 | C12: you need to shorten the lag time | D12: /Fablab 4/Users/Fabio/PhD/Projects/3C_FCCS/Simulation/Complex | E12: Planned | F12: 3 | G12: 5000 | H12: 5000 | I12: 5000 | J12: 1000 | K12: 30 | L12: 1 | M12: 60 | N12: Point | O12: 3 | P12: No | Q12: 0.2 | R12: No | S12: 250 | T12: 200 | U12: 200 | V12: 200 | W12: 1000 | X12: 1000 | Y12: 1000 | Z12: 0 | AA12: 0 | AB12: 0 | AC12: 0 | AD12: 0 | AE12: 0 | AF12: 0 | AG12: 0 | AH12: 0 | AI12: 63 | AJ12: 51 | AK12: 68 | AL12: Species 1 | AM12: 35 | AN12: 100 | AO12: 1000 | AP12: 700 | AQ12: 500 | AR12: 4 | AS12: 3 | AT12: 2 | AU12: No FRET | AY12: =IF(OR($AU12="",$AU12="No FRET",N($AV12)<=0,N(IF($AI12="",63,$AI12))<=0),"",1/(1+($AV12/IF($AI12="",63,$AI12))^6)) | AZ12: =IF(OR($AU12="",$AU12="No FRET",N($AW12)<=0,N(IF($AJ12="",51,$AJ12))<=0),"",1/(1+($AW12/IF($AJ12="",51,$AJ12))^6)) | BA12: =IF(OR($AU12="",$AU12="No FRET",N($AX12)<=0,N(IF($AK12="",68,$AK12))<=0),"",1/(1+($AX12/IF($AK12="",68,$AK12))^6)) | BB12: =IF(OR($A12="",N($AN12)<=0),"",IF(IF($I12="",5000,$I12)>0,$AN12/(IF($G12="",5000,$G12)*IF($H12="",5000,$H12)*IF($I12="",5000,$I12))/1E-024/6.022E+023/0.000000001,"")) -> 1.3284623 | BC12: =IF(Calc!G12=0,"",IF(Calc!E12>=1,"✖ saturated (B ≥ freq.)",IF(Calc!E12>0.1,"⚠ B > 10% of freq.",IF(Calc!E12=0,"⚠ no brightness",IF(Calc!F12>0.1,"⚠ step > 10% of wr",IF(OR(AND(N($AQ12)>0,IF($O12="",1,$O12)<3),AND(N($AP12)>0,IF($O12="",1,$O12)<2)),"⚠ uses a colour above Colours = "&IF($O12="",1,$O12)&" (ignored)",IF(AND($AU12<>"",$AU12<>"No FRET",N(IF($O12="",1,$O12))<2),"⚠ FRET needs ≥ 2 colours",IF(AND($AU12<>"",$AU12<>"No FRET",N($AV12)+N($AW12)+N($AX12)=0),"⚠ FRET: set R","✔ OK")))))))) -> ✖ saturated (B ≥ freq.) | BD12: Species 2 | BE12: 35 | BF12: 1000 | BG12: 1000 | BH12: 0 | BI12: 500 | BJ12: 4 | BK12: 3 | BL12: 2 | BM12: No FRET | BQ12: =IF(OR($BM12="",$BM12="No FRET",N($BN12)<=0,N(IF($AI12="",63,$AI12))<=0),"",1/(1+($BN12/IF($AI12="",63,$AI12))^6)) | BR12: =IF(OR($BM12="",$BM12="No FRET",N($BO12)<=0,N(IF($AJ12="",51,$AJ12))<=0),"",1/(1+($BO12/IF($AJ12="",51,$AJ12))^6)) | BS12: =IF(OR($BM12="",$BM12="No FRET",N($BP12)<=0,N(IF($AK12="",68,$AK12))<=0),"",1/(1+($BP12/IF($AK12="",68,$AK12))^6)) | BT12: =IF(OR($A12="",N($BF12)<=0),"",IF(IF($I12="",5000,$I12)>0,$BF12/(IF($G12="",5000,$G12)*IF($H12="",5000,$H12)*IF($I12="",5000,$I12))/1E-024/6.022E+023/0.000000001,"")) -> 13.284623 | BU12: =IF(Calc!M12=0,"",IF(Calc!K12>=1,"✖ saturated (B ≥ freq.)",IF(Calc!K12>0.1,"⚠ B > 10% of freq.",IF(Calc!K12=0,"⚠ no brightness",IF(Calc!L12>0.1,"⚠ step > 10% of wr",IF(OR(AND(N($BI12)>0,IF($O12="",1,$O12)<3),AND(N($BH12)>0,IF($O12="",1,$O12)<2)),"⚠ uses a colour above Colours = "&IF($O12="",1,$O12)&" (ignored)",IF(AND($BM12<>"",$BM12<>"No FRET",N(IF($O12="",1,$O12))<2),"⚠ FRET needs ≥ 2 colours",IF(AND($BM12<>"",$BM12<>"No FRET",N($BN12)+N($BO12)+N($BP12)=0),"⚠ FRET: set R","✔ OK")))))))) -> ✖ saturated (B ≥ freq.) | BV12: Species 3 | BW12: 35 | BX12: 2000 | BY12: 2000 | BZ12: 700 | CA12: 0 | CB12: 4 | CC12: 3 | CD12: 2 | CE12: No FRET | CI12: =IF(OR($CE12="",$CE12="No FRET",N($CF12)<=0,N(IF($AI12="",63,$AI12))<=0),"",1/(1+($CF12/IF($AI12="",63,$AI12))^6)) | CJ12: =IF(OR($CE12="",$CE12="No FRET",N($CG12)<=0,N(IF($AJ12="",51,$AJ12))<=0),"",1/(1+($CG12/IF($AJ12="",51,$AJ12))^6)) | CK12: =IF(OR($CE12="",$CE12="No FRET",N($CH12)<=0,N(IF($AK12="",68,$AK12))<=0),"",1/(1+($CH12/IF($AK12="",68,$AK12))^6)) | CL12: =IF(OR($A12="",N($BX12)<=0),"",IF(IF($I12="",5000,$I12)>0,$BX12/(IF($G12="",5000,$G12)*IF($H12="",5000,$H12)*IF($I12="",5000,$I12))/1E-024/6.022E+023/0.000000001,"")) -> 26.569246 | CM12: =IF(Calc!S12=0,"",IF(Calc!Q12>=1,"✖ saturated (B ≥ freq.)",IF(Calc!Q12>0.1,"⚠ B > 10% of freq.",IF(Calc!Q12=0,"⚠ no brightness",IF(Calc!R12>0.1,"⚠ step > 10% of wr",IF(OR(AND(N($CA12)>0,IF($O12="",1,$O12)<3),AND(N($BZ12)>0,IF($O12="",1,$O12)<2)),"⚠ uses a colour above Colours = "&IF($O12="",1,$O12)&" (ignored)",IF(AND($CE12<>"",$CE12<>"No FRET",N(IF($O12="",1,$O12))<2),"⚠ FRET needs ≥ 2 colours",IF(AND($CE12<>"",$CE12<>"No FRET",N($CF12)+N($CG12)+N($CH12)=0),"⚠ FRET: set R","✔ OK")))))))) -> ✖ saturated (B ≥ freq.) | DA12: =IF(OR($CW12="",$CW12="No FRET",N($CX12)<=0,N(IF($AI12="",63,$AI12))<=0),"",1/(1+($CX12/IF($AI12="",63,$AI12))^6)) | DB12: =IF(OR($CW12="",$CW12="No FRET",N($CY12)<=0,N(IF($AJ12="",51,$AJ12))<=0),"",1/(1+($CY12/IF($AJ12="",51,$AJ12))^6)) | DC12: =IF(OR($CW12="",$CW12="No FRET",N($CZ12)<=0,N(IF($AK12="",68,$AK12))<=0),"",1/(1+($CZ12/IF($AK12="",68,$AK12))^6)) | DD12: =IF(OR($A12="",N($CP12)<=0),"",IF(IF($I12="",5000,$I12)>0,$CP12/(IF($G12="",5000,$G12)*IF($H12="",5000,$H12)*IF($I12="",5000,$I12))/1E-024/6.022E+023/0.000000001,"")) | DE12: =IF(Calc!Y12=0,"",IF(Calc!W12>=1,"✖ saturated (B ≥ freq.)",IF(Calc!W12>0.1,"⚠ B > 10% of freq.",IF(Calc!W12=0,"⚠ no brightness",IF(Calc!X12>0.1,"⚠ step > 10% of wr",IF(OR(AND(N($CS12)>0,IF($O12="",1,$O12)<3),AND(N($CR12)>0,IF($O12="",1,$O12)<2)),"⚠ uses a colour above Colours = "&IF($O12="",1,$O12)&" (ignored)",IF(AND($CW12<>"",$CW12<>"No FRET",N(IF($O12="",1,$O12))<2),"⚠ FRET needs ≥ 2 colours",IF(AND($CW12<>"",$CW12<>"No FRET",N($CX12)+N($CY12)+N($CZ12)=0),"⚠ FRET: set R","✔ OK")))))))) | DS12: =IF(OR($DO12="",$DO12="No FRET",N($DP12)<=0,N(IF($AI12="",63,$AI12))<=0),"",1/(1+($DP12/IF($AI12="",63,$AI12))^6)) | DT12: =IF(OR($DO12="",$DO12="No FRET",N($DQ12)<=0,N(IF($AJ12="",51,$AJ12))<=0),"",1/(1+($DQ12/IF($AJ12="",51,$AJ12))^6)) | DU12: =IF(OR($DO12="",$DO12="No FRET",N($DR12)<=0,N(IF($AK12="",68,$AK12))<=0),"",1/(1+($DR12/IF($AK12="",68,$AK12))^6)) | DV12: =IF(OR($A12="",N($DH12)<=0),"",IF(IF($I12="",5000,$I12)>0,$DH12/(IF($G12="",5000,$G12)*IF($H12="",5000,$H12)*IF($I12="",5000,$I12))/1E-024/6.022E+023/0.000000001,"")) | DW12: =IF(Calc!AE12=0,"",IF(Calc!AC12>=1,"✖ saturated (B ≥ freq.)",IF(Calc!AC12>0.1,"⚠ B > 10% of freq.",IF(Calc!AC12=0,"⚠ no brightness",IF(Calc!AD12>0.1,"⚠ step > 10% of wr",IF(OR(AND(N($DK12)>0,IF($O12="",1,$O12)<3),AND(N($DJ12)>0,IF($O12="",1,$O12)<2)),"⚠ uses a colour above Colours = "&IF($O12="",1,$O12)&" (ignored)",IF(AND($DO12<>"",$DO12<>"No FRET",N(IF($O12="",1,$O12))<2),"⚠ FRET needs ≥ 2 colours",IF(AND($DO12<>"",$DO12<>"No FRET",N($DP12)+N($DQ12)+N($DR12)=0),"⚠ FRET: set R","✔ OK")))))))) | EK12: =IF(OR($EG12="",$EG12="No FRET",N($EH12)<=0,N(IF($AI12="",63,$AI12))<=0),"",1/(1+($EH12/IF($AI12="",63,$AI12))^6)) | EL12: =IF(OR($EG12="",$EG12="No FRET",N($EI12)<=0,N(IF($AJ12="",51,$AJ12))<=0),"",1/(1+($EI12/IF($AJ12="",51,$AJ12))^6)) | EM12: =IF(OR($EG12="",$EG12="No FRET",N($EJ12)<=0,N(IF($AK12="",68,$AK12))<=0),"",1/(1+($EJ12/IF($AK12="",68,$AK12))^6)) | EN12: =IF(OR($A12="",N($DZ12)<=0),"",IF(IF($I12="",5000,$I12)>0,$DZ12/(IF($G12="",5000,$G12)*IF($H12="",5000,$H12)*IF($I12="",5000,$I12))/1E-024/6.022E+023/0.000000001,"")) | EO12: =IF(Calc!AK12=0,"",IF(Calc!AI12>=1,"✖ saturated (B ≥ freq.)",IF(Calc!AI12>0.1,"⚠ B > 10% of freq.",IF(Calc!AI12=0,"⚠ no brightness",IF(Calc!AJ12>0.1,"⚠ step > 10% of wr",IF(OR(AND(N($EC12)>0,IF($O12="",1,$O12)<3),AND(N($EB12)>0,IF($O12="",1,$O12)<2)),"⚠ uses a colour above Colours = "&IF($O12="",1,$O12)&" (ignored)",IF(AND($EG12<>"",$EG12<>"No FRET",N(IF($O12="",1,$O12))<2),"⚠ FRET needs ≥ 2 colours",IF(AND($EG12<>"",$EG12<>"No FRET",N($EH12)+N($EI12)+N($EJ12)=0),"⚠ FRET: set R","✔ OK")))))))) | EP12: =IF($A12="","",SUM(Calc!G12,Calc!M12,Calc!S12,Calc!Y12,Calc!AE12,Calc!AK12)) -> 3 | EQ12: =IF($A12="","",N($AN12)+N($BF12)+N($BX12)+N($CP12)+N($DH12)+N($DZ12)) -> 3100 | ER12: =IF($A12="","",SUM(Calc!B12,Calc!H12,Calc!N12,Calc!T12,Calc!Z12,Calc!AF12)) -> 3025.9578 | ES12: =IF($A12="","",SUM(Calc!C12,Calc!I12,Calc!O12,Calc!U12,Calc!AA12,Calc!AG12)) -> 926.07706 | ET12: =IF($A12="","",SUM(Calc!D12,Calc!J12,Calc!P12,Calc!V12,Calc!AB12,Calc!AH12)) -> 346.49142 | EU12: =IF($A12="","",($ER12+$ES12+$ET12+IF($P12="Yes",N($Q12)*N(IF($O12="",1,$O12)),0))*1000*IF($K12="",10,$K12)/1000000) -> 128.95579 | EV12: =IF($A12="","",$EU12*1000000*12/1000000000) -> 1.5474695 | EW12: =IF($A12="","",IF($EP12=0,"⚠ no species entered",IF(((LEFT($BC12,1)="✖")+(LEFT($BU12,1)="✖")+(LEFT($CM12,1)="✖")+(LEFT($DE12,1)="✖")+(LEFT($DW12,1)="✖")+(LEFT($EO12,1)="✖"))>0,"✖ "&((LEFT($BC12,1)="✖")+(LEFT($BU12,1)="✖")+(LEFT($CM12,1)="✖")+(LEFT($DE12,1)="✖")+(LEFT($DW12,1)="✖")+(LEFT($EO12,1)="✖"))&" species saturated - see the species checks",IF(MIN(IF($G12="",5000,$G12),IF($H12="",5000,$H12))<8*MAX(IF($T12="",200,$T12),IF($U12="",200,$U12),IF($V12="",200,$V12)),"⚠ box too small laterally (< 8·wr)",IF(AND(IF($I12="",5000,$I12)>0,IF($I12="",5000,$I12)<3*MAX(IF($W12="",1000,$W12),IF($X12="",1000,$X12),IF($Y12="",1000,$Y12))),"⚠ box too small axially (< 3·wz)",IF($EV12>8,"⚠ > 8 GB per file: shorten the duration and use several files",IF(((LEFT($BC12,1)="⚠")+(LEFT($BU12,1)="⚠")+(LEFT($CM12,1)="⚠")+(LEFT($DE12,1)="⚠")+(LEFT($DW12,1)="⚠")+(LEFT($EO12,1)="⚠"))>0,"⚠ "&((LEFT($BC12,1)="⚠")+(LEFT($BU12,1)="⚠")+(LEFT($CM12,1)="⚠")+(LEFT($DE12,1)="⚠")+(LEFT($DW12,1)="⚠")+(LEFT($EO12,1)="⚠"))&" species with a warning","✔ OK"))))))) -> ✖ 3 species saturated - see the species checks | EX12: 1 | EZ12: .sim | FE12: from Simulation_parameters.xlsx (box size assumed)
A13: S09 | B13: Crazy_3 | D13: /Fablab 4/Users/Fabio/PhD/Projects/3C_FCCS/Simulation/Complex | E13: Planned | F13: 3 | G13: 5000 | H13: 5000 | I13: 5000 | J13: 1000 | K13: 30 | L13: 1 | M13: 60 | N13: Point | O13: 3 | P13: No | Q13: 0.2 | R13: No | S13: 250 | T13: 200 | U13: 200 | V13: 200 | W13: 1000 | X13: 1000 | Y13: 1000 | Z13: 0 | AA13: 0 | AB13: 0 | AC13: 0 | AD13: 0 | AE13: 0 | AF13: 0 | AG13: 0 | AH13: 0 | AI13: 63 | AJ13: 51 | AK13: 68 | AL13: Species 1 | AM13: 35 | AN13: 10 | AO13: 1000 | AP13: 700 | AQ13: 500 | AR13: 4 | AS13: 3 | AT13: 2 | AU13: No FRET | AY13: =IF(OR($AU13="",$AU13="No FRET",N($AV13)<=0,N(IF($AI13="",63,$AI13))<=0),"",1/(1+($AV13/IF($AI13="",63,$AI13))^6)) | AZ13: =IF(OR($AU13="",$AU13="No FRET",N($AW13)<=0,N(IF($AJ13="",51,$AJ13))<=0),"",1/(1+($AW13/IF($AJ13="",51,$AJ13))^6)) | BA13: =IF(OR($AU13="",$AU13="No FRET",N($AX13)<=0,N(IF($AK13="",68,$AK13))<=0),"",1/(1+($AX13/IF($AK13="",68,$AK13))^6)) | BB13: =IF(OR($A13="",N($AN13)<=0),"",IF(IF($I13="",5000,$I13)>0,$AN13/(IF($G13="",5000,$G13)*IF($H13="",5000,$H13)*IF($I13="",5000,$I13))/1E-024/6.022E+023/0.000000001,"")) -> 0.13284623 | BC13: =IF(Calc!G13=0,"",IF(Calc!E13>=1,"✖ saturated (B ≥ freq.)",IF(Calc!E13>0.1,"⚠ B > 10% of freq.",IF(Calc!E13=0,"⚠ no brightness",IF(Calc!F13>0.1,"⚠ step > 10% of wr",IF(OR(AND(N($AQ13)>0,IF($O13="",1,$O13)<3),AND(N($AP13)>0,IF($O13="",1,$O13)<2)),"⚠ uses a colour above Colours = "&IF($O13="",1,$O13)&" (ignored)",IF(AND($AU13<>"",$AU13<>"No FRET",N(IF($O13="",1,$O13))<2),"⚠ FRET needs ≥ 2 colours",IF(AND($AU13<>"",$AU13<>"No FRET",N($AV13)+N($AW13)+N($AX13)=0),"⚠ FRET: set R","✔ OK")))))))) -> ✖ saturated (B ≥ freq.) | BD13: Species 2 | BE13: 35 | BF13: 10 | BG13: 1000 | BH13: 0 | BI13: 500 | BJ13: 4 | BK13: 3 | BL13: 2 | BM13: No FRET | BQ13: =IF(OR($BM13="",$BM13="No FRET",N($BN13)<=0,N(IF($AI13="",63,$AI13))<=0),"",1/(1+($BN13/IF($AI13="",63,$AI13))^6)) | BR13: =IF(OR($BM13="",$BM13="No FRET",N($BO13)<=0,N(IF($AJ13="",51,$AJ13))<=0),"",1/(1+($BO13/IF($AJ13="",51,$AJ13))^6)) | BS13: =IF(OR($BM13="",$BM13="No FRET",N($BP13)<=0,N(IF($AK13="",68,$AK13))<=0),"",1/(1+($BP13/IF($AK13="",68,$AK13))^6)) | BT13: =IF(OR($A13="",N($BF13)<=0),"",IF(IF($I13="",5000,$I13)>0,$BF13/(IF($G13="",5000,$G13)*IF($H13="",5000,$H13)*IF($I13="",5000,$I13))/1E-024/6.022E+023/0.000000001,"")) -> 0.13284623 | BU13: =IF(Calc!M13=0,"",IF(Calc!K13>=1,"✖ saturated (B ≥ freq.)",IF(Calc!K13>0.1,"⚠ B > 10% of freq.",IF(Calc!K13=0,"⚠ no brightness",IF(Calc!L13>0.1,"⚠ step > 10% of wr",IF(OR(AND(N($BI13)>0,IF($O13="",1,$O13)<3),AND(N($BH13)>0,IF($O13="",1,$O13)<2)),"⚠ uses a colour above Colours = "&IF($O13="",1,$O13)&" (ignored)",IF(AND($BM13<>"",$BM13<>"No FRET",N(IF($O13="",1,$O13))<2),"⚠ FRET needs ≥ 2 colours",IF(AND($BM13<>"",$BM13<>"No FRET",N($BN13)+N($BO13)+N($BP13)=0),"⚠ FRET: set R","✔ OK")))))))) -> ✖ saturated (B ≥ freq.) | BV13: Species 3 | BW13: 35 | BX13: 10 | BY13: 2000 | BZ13: 700 | CA13: 0 | CB13: 4 | CC13: 3 | CD13: 2 | CE13: No FRET | CI13: =IF(OR($CE13="",$CE13="No FRET",N($CF13)<=0,N(IF($AI13="",63,$AI13))<=0),"",1/(1+($CF13/IF($AI13="",63,$AI13))^6)) | CJ13: =IF(OR($CE13="",$CE13="No FRET",N($CG13)<=0,N(IF($AJ13="",51,$AJ13))<=0),"",1/(1+($CG13/IF($AJ13="",51,$AJ13))^6)) | CK13: =IF(OR($CE13="",$CE13="No FRET",N($CH13)<=0,N(IF($AK13="",68,$AK13))<=0),"",1/(1+($CH13/IF($AK13="",68,$AK13))^6)) | CL13: =IF(OR($A13="",N($BX13)<=0),"",IF(IF($I13="",5000,$I13)>0,$BX13/(IF($G13="",5000,$G13)*IF($H13="",5000,$H13)*IF($I13="",5000,$I13))/1E-024/6.022E+023/0.000000001,"")) -> 0.13284623 | CM13: =IF(Calc!S13=0,"",IF(Calc!Q13>=1,"✖ saturated (B ≥ freq.)",IF(Calc!Q13>0.1,"⚠ B > 10% of freq.",IF(Calc!Q13=0,"⚠ no brightness",IF(Calc!R13>0.1,"⚠ step > 10% of wr",IF(OR(AND(N($CA13)>0,IF($O13="",1,$O13)<3),AND(N($BZ13)>0,IF($O13="",1,$O13)<2)),"⚠ uses a colour above Colours = "&IF($O13="",1,$O13)&" (ignored)",IF(AND($CE13<>"",$CE13<>"No FRET",N(IF($O13="",1,$O13))<2),"⚠ FRET needs ≥ 2 colours",IF(AND($CE13<>"",$CE13<>"No FRET",N($CF13)+N($CG13)+N($CH13)=0),"⚠ FRET: set R","✔ OK")))))))) -> ✖ saturated (B ≥ freq.) | DA13: =IF(OR($CW13="",$CW13="No FRET",N($CX13)<=0,N(IF($AI13="",63,$AI13))<=0),"",1/(1+($CX13/IF($AI13="",63,$AI13))^6)) | DB13: =IF(OR($CW13="",$CW13="No FRET",N($CY13)<=0,N(IF($AJ13="",51,$AJ13))<=0),"",1/(1+($CY13/IF($AJ13="",51,$AJ13))^6)) | DC13: =IF(OR($CW13="",$CW13="No FRET",N($CZ13)<=0,N(IF($AK13="",68,$AK13))<=0),"",1/(1+($CZ13/IF($AK13="",68,$AK13))^6)) | DD13: =IF(OR($A13="",N($CP13)<=0),"",IF(IF($I13="",5000,$I13)>0,$CP13/(IF($G13="",5000,$G13)*IF($H13="",5000,$H13)*IF($I13="",5000,$I13))/1E-024/6.022E+023/0.000000001,"")) | DE13: =IF(Calc!Y13=0,"",IF(Calc!W13>=1,"✖ saturated (B ≥ freq.)",IF(Calc!W13>0.1,"⚠ B > 10% of freq.",IF(Calc!W13=0,"⚠ no brightness",IF(Calc!X13>0.1,"⚠ step > 10% of wr",IF(OR(AND(N($CS13)>0,IF($O13="",1,$O13)<3),AND(N($CR13)>0,IF($O13="",1,$O13)<2)),"⚠ uses a colour above Colours = "&IF($O13="",1,$O13)&" (ignored)",IF(AND($CW13<>"",$CW13<>"No FRET",N(IF($O13="",1,$O13))<2),"⚠ FRET needs ≥ 2 colours",IF(AND($CW13<>"",$CW13<>"No FRET",N($CX13)+N($CY13)+N($CZ13)=0),"⚠ FRET: set R","✔ OK")))))))) | DS13: =IF(OR($DO13="",$DO13="No FRET",N($DP13)<=0,N(IF($AI13="",63,$AI13))<=0),"",1/(1+($DP13/IF($AI13="",63,$AI13))^6)) | DT13: =IF(OR($DO13="",$DO13="No FRET",N($DQ13)<=0,N(IF($AJ13="",51,$AJ13))<=0),"",1/(1+($DQ13/IF($AJ13="",51,$AJ13))^6)) | DU13: =IF(OR($DO13="",$DO13="No FRET",N($DR13)<=0,N(IF($AK13="",68,$AK13))<=0),"",1/(1+($DR13/IF($AK13="",68,$AK13))^6)) | DV13: =IF(OR($A13="",N($DH13)<=0),"",IF(IF($I13="",5000,$I13)>0,$DH13/(IF($G13="",5000,$G13)*IF($H13="",5000,$H13)*IF($I13="",5000,$I13))/1E-024/6.022E+023/0.000000001,"")) | DW13: =IF(Calc!AE13=0,"",IF(Calc!AC13>=1,"✖ saturated (B ≥ freq.)",IF(Calc!AC13>0.1,"⚠ B > 10% of freq.",IF(Calc!AC13=0,"⚠ no brightness",IF(Calc!AD13>0.1,"⚠ step > 10% of wr",IF(OR(AND(N($DK13)>0,IF($O13="",1,$O13)<3),AND(N($DJ13)>0,IF($O13="",1,$O13)<2)),"⚠ uses a colour above Colours = "&IF($O13="",1,$O13)&" (ignored)",IF(AND($DO13<>"",$DO13<>"No FRET",N(IF($O13="",1,$O13))<2),"⚠ FRET needs ≥ 2 colours",IF(AND($DO13<>"",$DO13<>"No FRET",N($DP13)+N($DQ13)+N($DR13)=0),"⚠ FRET: set R","✔ OK")))))))) | EK13: =IF(OR($EG13="",$EG13="No FRET",N($EH13)<=0,N(IF($AI13="",63,$AI13))<=0),"",1/(1+($EH13/IF($AI13="",63,$AI13))^6)) | EL13: =IF(OR($EG13="",$EG13="No FRET",N($EI13)<=0,N(IF($AJ13="",51,$AJ13))<=0),"",1/(1+($EI13/IF($AJ13="",51,$AJ13))^6)) | EM13: =IF(OR($EG13="",$EG13="No FRET",N($EJ13)<=0,N(IF($AK13="",68,$AK13))<=0),"",1/(1+($EJ13/IF($AK13="",68,$AK13))^6)) | EN13: =IF(OR($A13="",N($DZ13)<=0),"",IF(IF($I13="",5000,$I13)>0,$DZ13/(IF($G13="",5000,$G13)*IF($H13="",5000,$H13)*IF($I13="",5000,$I13))/1E-024/6.022E+023/0.000000001,"")) | EO13: =IF(Calc!AK13=0,"",IF(Calc!AI13>=1,"✖ saturated (B ≥ freq.)",IF(Calc!AI13>0.1,"⚠ B > 10% of freq.",IF(Calc!AI13=0,"⚠ no brightness",IF(Calc!AJ13>0.1,"⚠ step > 10% of wr",IF(OR(AND(N($EC13)>0,IF($O13="",1,$O13)<3),AND(N($EB13)>0,IF($O13="",1,$O13)<2)),"⚠ uses a colour above Colours = "&IF($O13="",1,$O13)&" (ignored)",IF(AND($EG13<>"",$EG13<>"No FRET",N(IF($O13="",1,$O13))<2),"⚠ FRET needs ≥ 2 colours",IF(AND($EG13<>"",$EG13<>"No FRET",N($EH13)+N($EI13)+N($EJ13)=0),"⚠ FRET: set R","✔ OK")))))))) | EP13: =IF($A13="","",SUM(Calc!G13,Calc!M13,Calc!S13,Calc!Y13,Calc!AE13,Calc!AK13)) -> 3 | EQ13: =IF($A13="","",N($AN13)+N($BF13)+N($BX13)+N($CP13)+N($DH13)+N($DZ13)) -> 30 | ER13: =IF($A13="","",SUM(Calc!B13,Calc!H13,Calc!N13,Calc!T13,Calc!Z13,Calc!AF13)) -> 24.264563 | ES13: =IF($A13="","",SUM(Calc!C13,Calc!I13,Calc!O13,Calc!U13,Calc!AA13,Calc!AG13)) -> 8.8197816 | ET13: =IF($A13="","",SUM(Calc!D13,Calc!J13,Calc!P13,Calc!V13,Calc!AB13,Calc!AH13)) -> 6.299844 | EU13: =IF($A13="","",($ER13+$ES13+$ET13+IF($P13="Yes",N($Q13)*N(IF($O13="",1,$O13)),0))*1000*IF($K13="",10,$K13)/1000000) -> 1.1815256 | EV13: =IF($A13="","",$EU13*1000000*12/1000000000) -> 0.014178308 | EW13: =IF($A13="","",IF($EP13=0,"⚠ no species entered",IF(((LEFT($BC13,1)="✖")+(LEFT($BU13,1)="✖")+(LEFT($CM13,1)="✖")+(LEFT($DE13,1)="✖")+(LEFT($DW13,1)="✖")+(LEFT($EO13,1)="✖"))>0,"✖ "&((LEFT($BC13,1)="✖")+(LEFT($BU13,1)="✖")+(LEFT($CM13,1)="✖")+(LEFT($DE13,1)="✖")+(LEFT($DW13,1)="✖")+(LEFT($EO13,1)="✖"))&" species saturated - see the species checks",IF(MIN(IF($G13="",5000,$G13),IF($H13="",5000,$H13))<8*MAX(IF($T13="",200,$T13),IF($U13="",200,$U13),IF($V13="",200,$V13)),"⚠ box too small laterally (< 8·wr)",IF(AND(IF($I13="",5000,$I13)>0,IF($I13="",5000,$I13)<3*MAX(IF($W13="",1000,$W13),IF($X13="",1000,$X13),IF($Y13="",1000,$Y13))),"⚠ box too small axially (< 3·wz)",IF($EV13>8,"⚠ > 8 GB per file: shorten the duration and use several files",IF(((LEFT($BC13,1)="⚠")+(LEFT($BU13,1)="⚠")+(LEFT($CM13,1)="⚠")+(LEFT($DE13,1)="⚠")+(LEFT($DW13,1)="⚠")+(LEFT($EO13,1)="⚠"))>0,"⚠ "&((LEFT($BC13,1)="⚠")+(LEFT($BU13,1)="⚠")+(LEFT($CM13,1)="⚠")+(LEFT($DE13,1)="⚠")+(LEFT($DW13,1)="⚠")+(LEFT($EO13,1)="⚠"))&" species with a warning","✔ OK"))))))) -> ✖ 3 species saturated - see the species checks | EX13: 1 | EZ13: .sim | FE13: from Simulation_parameters.xlsx (box size assumed)
A14: S10 | B14: Crazy_4 | D14: /Fablab 4/Users/Fabio/PhD/Projects/3C_FCCS/Simulation/Complex | E14: Planned | F14: 3 | G14: 5000 | H14: 5000 | I14: 5000 | J14: 1000 | K14: 5 | L14: 1 | M14: 60 | N14: Point | O14: 3 | P14: No | Q14: 0.2 | R14: No | S14: 250 | T14: 200 | U14: 200 | V14: 200 | W14: 1000 | X14: 1000 | Y14: 1000 | Z14: 0 | AA14: 0 | AB14: 0 | AC14: 0 | AD14: 0 | AE14: 0 | AF14: 0 | AG14: 0 | AH14: 0 | AI14: 63 | AJ14: 51 | AK14: 68 | AL14: Species 1 | AM14: 35 | AN14: 1000 | AO14: 1000 | AP14: 700 | AQ14: 500 | AR14: 4 | AS14: 3 | AT14: 2 | AU14: No FRET | AY14: =IF(OR($AU14="",$AU14="No FRET",N($AV14)<=0,N(IF($AI14="",63,$AI14))<=0),"",1/(1+($AV14/IF($AI14="",63,$AI14))^6)) | AZ14: =IF(OR($AU14="",$AU14="No FRET",N($AW14)<=0,N(IF($AJ14="",51,$AJ14))<=0),"",1/(1+($AW14/IF($AJ14="",51,$AJ14))^6)) | BA14: =IF(OR($AU14="",$AU14="No FRET",N($AX14)<=0,N(IF($AK14="",68,$AK14))<=0),"",1/(1+($AX14/IF($AK14="",68,$AK14))^6)) | BB14: =IF(OR($A14="",N($AN14)<=0),"",IF(IF($I14="",5000,$I14)>0,$AN14/(IF($G14="",5000,$G14)*IF($H14="",5000,$H14)*IF($I14="",5000,$I14))/1E-024/6.022E+023/0.000000001,"")) -> 13.284623 | BC14: =IF(Calc!G14=0,"",IF(Calc!E14>=1,"✖ saturated (B ≥ freq.)",IF(Calc!E14>0.1,"⚠ B > 10% of freq.",IF(Calc!E14=0,"⚠ no brightness",IF(Calc!F14>0.1,"⚠ step > 10% of wr",IF(OR(AND(N($AQ14)>0,IF($O14="",1,$O14)<3),AND(N($AP14)>0,IF($O14="",1,$O14)<2)),"⚠ uses a colour above Colours = "&IF($O14="",1,$O14)&" (ignored)",IF(AND($AU14<>"",$AU14<>"No FRET",N(IF($O14="",1,$O14))<2),"⚠ FRET needs ≥ 2 colours",IF(AND($AU14<>"",$AU14<>"No FRET",N($AV14)+N($AW14)+N($AX14)=0),"⚠ FRET: set R","✔ OK")))))))) -> ✖ saturated (B ≥ freq.) | BD14: Species 2 | BE14: 35 | BF14: 1000 | BG14: 1000 | BH14: 0 | BI14: 500 | BJ14: 4 | BK14: 3 | BL14: 2 | BM14: No FRET | BQ14: =IF(OR($BM14="",$BM14="No FRET",N($BN14)<=0,N(IF($AI14="",63,$AI14))<=0),"",1/(1+($BN14/IF($AI14="",63,$AI14))^6)) | BR14: =IF(OR($BM14="",$BM14="No FRET",N($BO14)<=0,N(IF($AJ14="",51,$AJ14))<=0),"",1/(1+($BO14/IF($AJ14="",51,$AJ14))^6)) | BS14: =IF(OR($BM14="",$BM14="No FRET",N($BP14)<=0,N(IF($AK14="",68,$AK14))<=0),"",1/(1+($BP14/IF($AK14="",68,$AK14))^6)) | BT14: =IF(OR($A14="",N($BF14)<=0),"",IF(IF($I14="",5000,$I14)>0,$BF14/(IF($G14="",5000,$G14)*IF($H14="",5000,$H14)*IF($I14="",5000,$I14))/1E-024/6.022E+023/0.000000001,"")) -> 13.284623 | BU14: =IF(Calc!M14=0,"",IF(Calc!K14>=1,"✖ saturated (B ≥ freq.)",IF(Calc!K14>0.1,"⚠ B > 10% of freq.",IF(Calc!K14=0,"⚠ no brightness",IF(Calc!L14>0.1,"⚠ step > 10% of wr",IF(OR(AND(N($BI14)>0,IF($O14="",1,$O14)<3),AND(N($BH14)>0,IF($O14="",1,$O14)<2)),"⚠ uses a colour above Colours = "&IF($O14="",1,$O14)&" (ignored)",IF(AND($BM14<>"",$BM14<>"No FRET",N(IF($O14="",1,$O14))<2),"⚠ FRET needs ≥ 2 colours",IF(AND($BM14<>"",$BM14<>"No FRET",N($BN14)+N($BO14)+N($BP14)=0),"⚠ FRET: set R","✔ OK")))))))) -> ✖ saturated (B ≥ freq.) | BV14: Species 3 | BW14: 35 | BX14: 1000 | BY14: 2000 | BZ14: 700 | CA14: 0 | CB14: 4 | CC14: 3 | CD14: 2 | CE14: No FRET | CI14: =IF(OR($CE14="",$CE14="No FRET",N($CF14)<=0,N(IF($AI14="",63,$AI14))<=0),"",1/(1+($CF14/IF($AI14="",63,$AI14))^6)) | CJ14: =IF(OR($CE14="",$CE14="No FRET",N($CG14)<=0,N(IF($AJ14="",51,$AJ14))<=0),"",1/(1+($CG14/IF($AJ14="",51,$AJ14))^6)) | CK14: =IF(OR($CE14="",$CE14="No FRET",N($CH14)<=0,N(IF($AK14="",68,$AK14))<=0),"",1/(1+($CH14/IF($AK14="",68,$AK14))^6)) | CL14: =IF(OR($A14="",N($BX14)<=0),"",IF(IF($I14="",5000,$I14)>0,$BX14/(IF($G14="",5000,$G14)*IF($H14="",5000,$H14)*IF($I14="",5000,$I14))/1E-024/6.022E+023/0.000000001,"")) -> 13.284623 | CM14: =IF(Calc!S14=0,"",IF(Calc!Q14>=1,"✖ saturated (B ≥ freq.)",IF(Calc!Q14>0.1,"⚠ B > 10% of freq.",IF(Calc!Q14=0,"⚠ no brightness",IF(Calc!R14>0.1,"⚠ step > 10% of wr",IF(OR(AND(N($CA14)>0,IF($O14="",1,$O14)<3),AND(N($BZ14)>0,IF($O14="",1,$O14)<2)),"⚠ uses a colour above Colours = "&IF($O14="",1,$O14)&" (ignored)",IF(AND($CE14<>"",$CE14<>"No FRET",N(IF($O14="",1,$O14))<2),"⚠ FRET needs ≥ 2 colours",IF(AND($CE14<>"",$CE14<>"No FRET",N($CF14)+N($CG14)+N($CH14)=0),"⚠ FRET: set R","✔ OK")))))))) -> ✖ saturated (B ≥ freq.) | DA14: =IF(OR($CW14="",$CW14="No FRET",N($CX14)<=0,N(IF($AI14="",63,$AI14))<=0),"",1/(1+($CX14/IF($AI14="",63,$AI14))^6)) | DB14: =IF(OR($CW14="",$CW14="No FRET",N($CY14)<=0,N(IF($AJ14="",51,$AJ14))<=0),"",1/(1+($CY14/IF($AJ14="",51,$AJ14))^6)) | DC14: =IF(OR($CW14="",$CW14="No FRET",N($CZ14)<=0,N(IF($AK14="",68,$AK14))<=0),"",1/(1+($CZ14/IF($AK14="",68,$AK14))^6)) | DD14: =IF(OR($A14="",N($CP14)<=0),"",IF(IF($I14="",5000,$I14)>0,$CP14/(IF($G14="",5000,$G14)*IF($H14="",5000,$H14)*IF($I14="",5000,$I14))/1E-024/6.022E+023/0.000000001,"")) | DE14: =IF(Calc!Y14=0,"",IF(Calc!W14>=1,"✖ saturated (B ≥ freq.)",IF(Calc!W14>0.1,"⚠ B > 10% of freq.",IF(Calc!W14=0,"⚠ no brightness",IF(Calc!X14>0.1,"⚠ step > 10% of wr",IF(OR(AND(N($CS14)>0,IF($O14="",1,$O14)<3),AND(N($CR14)>0,IF($O14="",1,$O14)<2)),"⚠ uses a colour above Colours = "&IF($O14="",1,$O14)&" (ignored)",IF(AND($CW14<>"",$CW14<>"No FRET",N(IF($O14="",1,$O14))<2),"⚠ FRET needs ≥ 2 colours",IF(AND($CW14<>"",$CW14<>"No FRET",N($CX14)+N($CY14)+N($CZ14)=0),"⚠ FRET: set R","✔ OK")))))))) | DS14: =IF(OR($DO14="",$DO14="No FRET",N($DP14)<=0,N(IF($AI14="",63,$AI14))<=0),"",1/(1+($DP14/IF($AI14="",63,$AI14))^6)) | DT14: =IF(OR($DO14="",$DO14="No FRET",N($DQ14)<=0,N(IF($AJ14="",51,$AJ14))<=0),"",1/(1+($DQ14/IF($AJ14="",51,$AJ14))^6)) | DU14: =IF(OR($DO14="",$DO14="No FRET",N($DR14)<=0,N(IF($AK14="",68,$AK14))<=0),"",1/(1+($DR14/IF($AK14="",68,$AK14))^6)) | DV14: =IF(OR($A14="",N($DH14)<=0),"",IF(IF($I14="",5000,$I14)>0,$DH14/(IF($G14="",5000,$G14)*IF($H14="",5000,$H14)*IF($I14="",5000,$I14))/1E-024/6.022E+023/0.000000001,"")) | DW14: =IF(Calc!AE14=0,"",IF(Calc!AC14>=1,"✖ saturated (B ≥ freq.)",IF(Calc!AC14>0.1,"⚠ B > 10% of freq.",IF(Calc!AC14=0,"⚠ no brightness",IF(Calc!AD14>0.1,"⚠ step > 10% of wr",IF(OR(AND(N($DK14)>0,IF($O14="",1,$O14)<3),AND(N($DJ14)>0,IF($O14="",1,$O14)<2)),"⚠ uses a colour above Colours = "&IF($O14="",1,$O14)&" (ignored)",IF(AND($DO14<>"",$DO14<>"No FRET",N(IF($O14="",1,$O14))<2),"⚠ FRET needs ≥ 2 colours",IF(AND($DO14<>"",$DO14<>"No FRET",N($DP14)+N($DQ14)+N($DR14)=0),"⚠ FRET: set R","✔ OK")))))))) | EK14: =IF(OR($EG14="",$EG14="No FRET",N($EH14)<=0,N(IF($AI14="",63,$AI14))<=0),"",1/(1+($EH14/IF($AI14="",63,$AI14))^6)) | EL14: =IF(OR($EG14="",$EG14="No FRET",N($EI14)<=0,N(IF($AJ14="",51,$AJ14))<=0),"",1/(1+($EI14/IF($AJ14="",51,$AJ14))^6)) | EM14: =IF(OR($EG14="",$EG14="No FRET",N($EJ14)<=0,N(IF($AK14="",68,$AK14))<=0),"",1/(1+($EJ14/IF($AK14="",68,$AK14))^6)) | EN14: =IF(OR($A14="",N($DZ14)<=0),"",IF(IF($I14="",5000,$I14)>0,$DZ14/(IF($G14="",5000,$G14)*IF($H14="",5000,$H14)*IF($I14="",5000,$I14))/1E-024/6.022E+023/0.000000001,"")) | EO14: =IF(Calc!AK14=0,"",IF(Calc!AI14>=1,"✖ saturated (B ≥ freq.)",IF(Calc!AI14>0.1,"⚠ B > 10% of freq.",IF(Calc!AI14=0,"⚠ no brightness",IF(Calc!AJ14>0.1,"⚠ step > 10% of wr",IF(OR(AND(N($EC14)>0,IF($O14="",1,$O14)<3),AND(N($EB14)>0,IF($O14="",1,$O14)<2)),"⚠ uses a colour above Colours = "&IF($O14="",1,$O14)&" (ignored)",IF(AND($EG14<>"",$EG14<>"No FRET",N(IF($O14="",1,$O14))<2),"⚠ FRET needs ≥ 2 colours",IF(AND($EG14<>"",$EG14<>"No FRET",N($EH14)+N($EI14)+N($EJ14)=0),"⚠ FRET: set R","✔ OK")))))))) | EP14: =IF($A14="","",SUM(Calc!G14,Calc!M14,Calc!S14,Calc!Y14,Calc!AE14,Calc!AK14)) -> 3 | EQ14: =IF($A14="","",N($AN14)+N($BF14)+N($BX14)+N($CP14)+N($DH14)+N($DZ14)) -> 3000 | ER14: =IF($A14="","",SUM(Calc!B14,Calc!H14,Calc!N14,Calc!T14,Calc!Z14,Calc!AF14)) -> 2426.4563 | ES14: =IF($A14="","",SUM(Calc!C14,Calc!I14,Calc!O14,Calc!U14,Calc!AA14,Calc!AG14)) -> 881.97816 | ET14: =IF($A14="","",SUM(Calc!D14,Calc!J14,Calc!P14,Calc!V14,Calc!AB14,Calc!AH14)) -> 629.9844 | EU14: =IF($A14="","",($ER14+$ES14+$ET14+IF($P14="Yes",N($Q14)*N(IF($O14="",1,$O14)),0))*1000*IF($K14="",10,$K14)/1000000) -> 19.692094 | EV14: =IF($A14="","",$EU14*1000000*12/1000000000) -> 0.23630513 | EW14: =IF($A14="","",IF($EP14=0,"⚠ no species entered",IF(((LEFT($BC14,1)="✖")+(LEFT($BU14,1)="✖")+(LEFT($CM14,1)="✖")+(LEFT($DE14,1)="✖")+(LEFT($DW14,1)="✖")+(LEFT($EO14,1)="✖"))>0,"✖ "&((LEFT($BC14,1)="✖")+(LEFT($BU14,1)="✖")+(LEFT($CM14,1)="✖")+(LEFT($DE14,1)="✖")+(LEFT($DW14,1)="✖")+(LEFT($EO14,1)="✖"))&" species saturated - see the species checks",IF(MIN(IF($G14="",5000,$G14),IF($H14="",5000,$H14))<8*MAX(IF($T14="",200,$T14),IF($U14="",200,$U14),IF($V14="",200,$V14)),"⚠ box too small laterally (< 8·wr)",IF(AND(IF($I14="",5000,$I14)>0,IF($I14="",5000,$I14)<3*MAX(IF($W14="",1000,$W14),IF($X14="",1000,$X14),IF($Y14="",1000,$Y14))),"⚠ box too small axially (< 3·wz)",IF($EV14>8,"⚠ > 8 GB per file: shorten the duration and use several files",IF(((LEFT($BC14,1)="⚠")+(LEFT($BU14,1)="⚠")+(LEFT($CM14,1)="⚠")+(LEFT($DE14,1)="⚠")+(LEFT($DW14,1)="⚠")+(LEFT($EO14,1)="⚠"))>0,"⚠ "&((LEFT($BC14,1)="⚠")+(LEFT($BU14,1)="⚠")+(LEFT($CM14,1)="⚠")+(LEFT($DE14,1)="⚠")+(LEFT($DW14,1)="⚠")+(LEFT($EO14,1)="⚠"))&" species with a warning","✔ OK"))))))) -> ✖ 3 species saturated - see the species checks | EX14: 1 | EZ14: .sim | FE14: from Simulation_parameters.xlsx (box size assumed)
A15: S11 | B15: Crazy_2_checkup_final | C15: longer simulation with same concept as crazy_2 but better statistics | D15: /Fablab 4/Users/Fabio/PhD/Projects/3C_FCCS/Simulation/Complex/Crazy_2 | E15: Planned | F15: 3 | G15: 5000 | H15: 5000 | I15: 5000 | J15: 1000 | K15: 150 | L15: 1 | M15: 60 | N15: Point | O15: 3 | P15: No | Q15: 0.2 | R15: No | S15: 250 | T15: 200 | U15: 200 | V15: 200 | W15: 1000 | X15: 1000 | Y15: 1000 | Z15: 0 | AA15: 0 | AB15: 0 | AC15: 0 | AD15: 0 | AE15: 0 | AF15: 0 | AG15: 0 | AH15: 0 | AI15: 63 | AJ15: 51 | AK15: 68 | AL15: Species 1 | AM15: 35 | AN15: 200 | AO15: 10000 | AP15: 7000 | AQ15: 5000 | AR15: 4 | AS15: 3 | AT15: 2 | AU15: No FRET | AY15: =IF(OR($AU15="",$AU15="No FRET",N($AV15)<=0,N(IF($AI15="",63,$AI15))<=0),"",1/(1+($AV15/IF($AI15="",63,$AI15))^6)) | AZ15: =IF(OR($AU15="",$AU15="No FRET",N($AW15)<=0,N(IF($AJ15="",51,$AJ15))<=0),"",1/(1+($AW15/IF($AJ15="",51,$AJ15))^6)) | BA15: =IF(OR($AU15="",$AU15="No FRET",N($AX15)<=0,N(IF($AK15="",68,$AK15))<=0),"",1/(1+($AX15/IF($AK15="",68,$AK15))^6)) | BB15: =IF(OR($A15="",N($AN15)<=0),"",IF(IF($I15="",5000,$I15)>0,$AN15/(IF($G15="",5000,$G15)*IF($H15="",5000,$H15)*IF($I15="",5000,$I15))/1E-024/6.022E+023/0.000000001,"")) -> 2.6569246 | BC15: =IF(Calc!G15=0,"",IF(Calc!E15>=1,"✖ saturated (B ≥ freq.)",IF(Calc!E15>0.1,"⚠ B > 10% of freq.",IF(Calc!E15=0,"⚠ no brightness",IF(Calc!F15>0.1,"⚠ step > 10% of wr",IF(OR(AND(N($AQ15)>0,IF($O15="",1,$O15)<3),AND(N($AP15)>0,IF($O15="",1,$O15)<2)),"⚠ uses a colour above Colours = "&IF($O15="",1,$O15)&" (ignored)",IF(AND($AU15<>"",$AU15<>"No FRET",N(IF($O15="",1,$O15))<2),"⚠ FRET needs ≥ 2 colours",IF(AND($AU15<>"",$AU15<>"No FRET",N($AV15)+N($AW15)+N($AX15)=0),"⚠ FRET: set R","✔ OK")))))))) -> ✖ saturated (B ≥ freq.) | BD15: Species 2 | BE15: 35 | BF15: 2000 | BG15: 10000 | BH15: 0 | BI15: 5000 | BJ15: 4 | BK15: 3 | BL15: 2 | BM15: No FRET | BQ15: =IF(OR($BM15="",$BM15="No FRET",N($BN15)<=0,N(IF($AI15="",63,$AI15))<=0),"",1/(1+($BN15/IF($AI15="",63,$AI15))^6)) | BR15: =IF(OR($BM15="",$BM15="No FRET",N($BO15)<=0,N(IF($AJ15="",51,$AJ15))<=0),"",1/(1+($BO15/IF($AJ15="",51,$AJ15))^6)) | BS15: =IF(OR($BM15="",$BM15="No FRET",N($BP15)<=0,N(IF($AK15="",68,$AK15))<=0),"",1/(1+($BP15/IF($AK15="",68,$AK15))^6)) | BT15: =IF(OR($A15="",N($BF15)<=0),"",IF(IF($I15="",5000,$I15)>0,$BF15/(IF($G15="",5000,$G15)*IF($H15="",5000,$H15)*IF($I15="",5000,$I15))/1E-024/6.022E+023/0.000000001,"")) -> 26.569246 | BU15: =IF(Calc!M15=0,"",IF(Calc!K15>=1,"✖ saturated (B ≥ freq.)",IF(Calc!K15>0.1,"⚠ B > 10% of freq.",IF(Calc!K15=0,"⚠ no brightness",IF(Calc!L15>0.1,"⚠ step > 10% of wr",IF(OR(AND(N($BI15)>0,IF($O15="",1,$O15)<3),AND(N($BH15)>0,IF($O15="",1,$O15)<2)),"⚠ uses a colour above Colours = "&IF($O15="",1,$O15)&" (ignored)",IF(AND($BM15<>"",$BM15<>"No FRET",N(IF($O15="",1,$O15))<2),"⚠ FRET needs ≥ 2 colours",IF(AND($BM15<>"",$BM15<>"No FRET",N($BN15)+N($BO15)+N($BP15)=0),"⚠ FRET: set R","✔ OK")))))))) -> ✖ saturated (B ≥ freq.) | BV15: Species 3 | BW15: 35 | BX15: 4000 | BY15: 20000 | BZ15: 7000 | CA15: 0 | CB15: 4 | CC15: 3 | CD15: 2 | CE15: No FRET | CI15: =IF(OR($CE15="",$CE15="No FRET",N($CF15)<=0,N(IF($AI15="",63,$AI15))<=0),"",1/(1+($CF15/IF($AI15="",63,$AI15))^6)) | CJ15: =IF(OR($CE15="",$CE15="No FRET",N($CG15)<=0,N(IF($AJ15="",51,$AJ15))<=0),"",1/(1+($CG15/IF($AJ15="",51,$AJ15))^6)) | CK15: =IF(OR($CE15="",$CE15="No FRET",N($CH15)<=0,N(IF($AK15="",68,$AK15))<=0),"",1/(1+($CH15/IF($AK15="",68,$AK15))^6)) | CL15: =IF(OR($A15="",N($BX15)<=0),"",IF(IF($I15="",5000,$I15)>0,$BX15/(IF($G15="",5000,$G15)*IF($H15="",5000,$H15)*IF($I15="",5000,$I15))/1E-024/6.022E+023/0.000000001,"")) -> 53.138492 | CM15: =IF(Calc!S15=0,"",IF(Calc!Q15>=1,"✖ saturated (B ≥ freq.)",IF(Calc!Q15>0.1,"⚠ B > 10% of freq.",IF(Calc!Q15=0,"⚠ no brightness",IF(Calc!R15>0.1,"⚠ step > 10% of wr",IF(OR(AND(N($CA15)>0,IF($O15="",1,$O15)<3),AND(N($BZ15)>0,IF($O15="",1,$O15)<2)),"⚠ uses a colour above Colours = "&IF($O15="",1,$O15)&" (ignored)",IF(AND($CE15<>"",$CE15<>"No FRET",N(IF($O15="",1,$O15))<2),"⚠ FRET needs ≥ 2 colours",IF(AND($CE15<>"",$CE15<>"No FRET",N($CF15)+N($CG15)+N($CH15)=0),"⚠ FRET: set R","✔ OK")))))))) -> ✖ saturated (B ≥ freq.) | DA15: =IF(OR($CW15="",$CW15="No FRET",N($CX15)<=0,N(IF($AI15="",63,$AI15))<=0),"",1/(1+($CX15/IF($AI15="",63,$AI15))^6)) | DB15: =IF(OR($CW15="",$CW15="No FRET",N($CY15)<=0,N(IF($AJ15="",51,$AJ15))<=0),"",1/(1+($CY15/IF($AJ15="",51,$AJ15))^6)) | DC15: =IF(OR($CW15="",$CW15="No FRET",N($CZ15)<=0,N(IF($AK15="",68,$AK15))<=0),"",1/(1+($CZ15/IF($AK15="",68,$AK15))^6)) | DD15: =IF(OR($A15="",N($CP15)<=0),"",IF(IF($I15="",5000,$I15)>0,$CP15/(IF($G15="",5000,$G15)*IF($H15="",5000,$H15)*IF($I15="",5000,$I15))/1E-024/6.022E+023/0.000000001,"")) | DE15: =IF(Calc!Y15=0,"",IF(Calc!W15>=1,"✖ saturated (B ≥ freq.)",IF(Calc!W15>0.1,"⚠ B > 10% of freq.",IF(Calc!W15=0,"⚠ no brightness",IF(Calc!X15>0.1,"⚠ step > 10% of wr",IF(OR(AND(N($CS15)>0,IF($O15="",1,$O15)<3),AND(N($CR15)>0,IF($O15="",1,$O15)<2)),"⚠ uses a colour above Colours = "&IF($O15="",1,$O15)&" (ignored)",IF(AND($CW15<>"",$CW15<>"No FRET",N(IF($O15="",1,$O15))<2),"⚠ FRET needs ≥ 2 colours",IF(AND($CW15<>"",$CW15<>"No FRET",N($CX15)+N($CY15)+N($CZ15)=0),"⚠ FRET: set R","✔ OK")))))))) | DS15: =IF(OR($DO15="",$DO15="No FRET",N($DP15)<=0,N(IF($AI15="",63,$AI15))<=0),"",1/(1+($DP15/IF($AI15="",63,$AI15))^6)) | DT15: =IF(OR($DO15="",$DO15="No FRET",N($DQ15)<=0,N(IF($AJ15="",51,$AJ15))<=0),"",1/(1+($DQ15/IF($AJ15="",51,$AJ15))^6)) | DU15: =IF(OR($DO15="",$DO15="No FRET",N($DR15)<=0,N(IF($AK15="",68,$AK15))<=0),"",1/(1+($DR15/IF($AK15="",68,$AK15))^6)) | DV15: =IF(OR($A15="",N($DH15)<=0),"",IF(IF($I15="",5000,$I15)>0,$DH15/(IF($G15="",5000,$G15)*IF($H15="",5000,$H15)*IF($I15="",5000,$I15))/1E-024/6.022E+023/0.000000001,"")) | DW15: =IF(Calc!AE15=0,"",IF(Calc!AC15>=1,"✖ saturated (B ≥ freq.)",IF(Calc!AC15>0.1,"⚠ B > 10% of freq.",IF(Calc!AC15=0,"⚠ no brightness",IF(Calc!AD15>0.1,"⚠ step > 10% of wr",IF(OR(AND(N($DK15)>0,IF($O15="",1,$O15)<3),AND(N($DJ15)>0,IF($O15="",1,$O15)<2)),"⚠ uses a colour above Colours = "&IF($O15="",1,$O15)&" (ignored)",IF(AND($DO15<>"",$DO15<>"No FRET",N(IF($O15="",1,$O15))<2),"⚠ FRET needs ≥ 2 colours",IF(AND($DO15<>"",$DO15<>"No FRET",N($DP15)+N($DQ15)+N($DR15)=0),"⚠ FRET: set R","✔ OK")))))))) | EK15: =IF(OR($EG15="",$EG15="No FRET",N($EH15)<=0,N(IF($AI15="",63,$AI15))<=0),"",1/(1+($EH15/IF($AI15="",63,$AI15))^6)) | EL15: =IF(OR($EG15="",$EG15="No FRET",N($EI15)<=0,N(IF($AJ15="",51,$AJ15))<=0),"",1/(1+($EI15/IF($AJ15="",51,$AJ15))^6)) | EM15: =IF(OR($EG15="",$EG15="No FRET",N($EJ15)<=0,N(IF($AK15="",68,$AK15))<=0),"",1/(1+($EJ15/IF($AK15="",68,$AK15))^6)) | EN15: =IF(OR($A15="",N($DZ15)<=0),"",IF(IF($I15="",5000,$I15)>0,$DZ15/(IF($G15="",5000,$G15)*IF($H15="",5000,$H15)*IF($I15="",5000,$I15))/1E-024/6.022E+023/0.000000001,"")) | EO15: =IF(Calc!AK15=0,"",IF(Calc!AI15>=1,"✖ saturated (B ≥ freq.)",IF(Calc!AI15>0.1,"⚠ B > 10% of freq.",IF(Calc!AI15=0,"⚠ no brightness",IF(Calc!AJ15>0.1,"⚠ step > 10% of wr",IF(OR(AND(N($EC15)>0,IF($O15="",1,$O15)<3),AND(N($EB15)>0,IF($O15="",1,$O15)<2)),"⚠ uses a colour above Colours = "&IF($O15="",1,$O15)&" (ignored)",IF(AND($EG15<>"",$EG15<>"No FRET",N(IF($O15="",1,$O15))<2),"⚠ FRET needs ≥ 2 colours",IF(AND($EG15<>"",$EG15<>"No FRET",N($EH15)+N($EI15)+N($EJ15)=0),"⚠ FRET: set R","✔ OK")))))))) | EP15: =IF($A15="","",SUM(Calc!G15,Calc!M15,Calc!S15,Calc!Y15,Calc!AE15,Calc!AK15)) -> 3 | EQ15: =IF($A15="","",N($AN15)+N($BF15)+N($BX15)+N($CP15)+N($DH15)+N($DZ15)) -> 6200 | ER15: =IF($A15="","",SUM(Calc!B15,Calc!H15,Calc!N15,Calc!T15,Calc!Z15,Calc!AF15)) -> 21932.674 | ES15: =IF($A15="","",SUM(Calc!C15,Calc!I15,Calc!O15,Calc!U15,Calc!AA15,Calc!AG15)) -> 10466.414 | ET15: =IF($A15="","",SUM(Calc!D15,Calc!J15,Calc!P15,Calc!V15,Calc!AB15,Calc!AH15)) -> 4617.2253 | EU15: =IF($A15="","",($ER15+$ES15+$ET15+IF($P15="Yes",N($Q15)*N(IF($O15="",1,$O15)),0))*1000*IF($K15="",10,$K15)/1000000) -> 5552.4469 | EV15: =IF($A15="","",$EU15*1000000*12/1000000000) -> 66.629363 | EW15: =IF($A15="","",IF($EP15=0,"⚠ no species entered",IF(((LEFT($BC15,1)="✖")+(LEFT($BU15,1)="✖")+(LEFT($CM15,1)="✖")+(LEFT($DE15,1)="✖")+(LEFT($DW15,1)="✖")+(LEFT($EO15,1)="✖"))>0,"✖ "&((LEFT($BC15,1)="✖")+(LEFT($BU15,1)="✖")+(LEFT($CM15,1)="✖")+(LEFT($DE15,1)="✖")+(LEFT($DW15,1)="✖")+(LEFT($EO15,1)="✖"))&" species saturated - see the species checks",IF(MIN(IF($G15="",5000,$G15),IF($H15="",5000,$H15))<8*MAX(IF($T15="",200,$T15),IF($U15="",200,$U15),IF($V15="",200,$V15)),"⚠ box too small laterally (< 8·wr)",IF(AND(IF($I15="",5000,$I15)>0,IF($I15="",5000,$I15)<3*MAX(IF($W15="",1000,$W15),IF($X15="",1000,$X15),IF($Y15="",1000,$Y15))),"⚠ box too small axially (< 3·wz)",IF($EV15>8,"⚠ > 8 GB per file: shorten the duration and use several files",IF(((LEFT($BC15,1)="⚠")+(LEFT($BU15,1)="⚠")+(LEFT($CM15,1)="⚠")+(LEFT($DE15,1)="⚠")+(LEFT($DW15,1)="⚠")+(LEFT($EO15,1)="⚠"))>0,"⚠ "&((LEFT($BC15,1)="⚠")+(LEFT($BU15,1)="⚠")+(LEFT($CM15,1)="⚠")+(LEFT($DE15,1)="⚠")+(LEFT($DW15,1)="⚠")+(LEFT($EO15,1)="⚠"))&" species with a warning","✔ OK"))))))) -> ✖ 3 species saturated - see the species checks | EX15: 1 | EZ15: .sim | FE15: from Simulation_parameters.xlsx (box size assumed)
AY16: =IF(OR($AU16="",$AU16="No FRET",N($AV16)<=0,N(IF($AI16="",63,$AI16))<=0),"",1/(1+($AV16/IF($AI16="",63,$AI16))^6)) | AZ16: =IF(OR($AU16="",$AU16="No FRET",N($AW16)<=0,N(IF($AJ16="",51,$AJ16))<=0),"",1/(1+($AW16/IF($AJ16="",51,$AJ16))^6)) | BA16: =IF(OR($AU16="",$AU16="No FRET",N($AX16)<=0,N(IF($AK16="",68,$AK16))<=0),"",1/(1+($AX16/IF($AK16="",68,$AK16))^6)) | BB16: =IF(OR($A16="",N($AN16)<=0),"",IF(IF($I16="",5000,$I16)>0,$AN16/(IF($G16="",5000,$G16)*IF($H16="",5000,$H16)*IF($I16="",5000,$I16))/1E-024/6.022E+023/0.000000001,"")) | BC16: =IF(Calc!G16=0,"",IF(Calc!E16>=1,"✖ saturated (B ≥ freq.)",IF(Calc!E16>0.1,"⚠ B > 10% of freq.",IF(Calc!E16=0,"⚠ no brightness",IF(Calc!F16>0.1,"⚠ step > 10% of wr",IF(OR(AND(N($AQ16)>0,IF($O16="",1,$O16)<3),AND(N($AP16)>0,IF($O16="",1,$O16)<2)),"⚠ uses a colour above Colours = "&IF($O16="",1,$O16)&" (ignored)",IF(AND($AU16<>"",$AU16<>"No FRET",N(IF($O16="",1,$O16))<2),"⚠ FRET needs ≥ 2 colours",IF(AND($AU16<>"",$AU16<>"No FRET",N($AV16)+N($AW16)+N($AX16)=0),"⚠ FRET: set R","✔ OK")))))))) | BQ16: =IF(OR($BM16="",$BM16="No FRET",N($BN16)<=0,N(IF($AI16="",63,$AI16))<=0),"",1/(1+($BN16/IF($AI16="",63,$AI16))^6)) | BR16: =IF(OR($BM16="",$BM16="No FRET",N($BO16)<=0,N(IF($AJ16="",51,$AJ16))<=0),"",1/(1+($BO16/IF($AJ16="",51,$AJ16))^6)) | BS16: =IF(OR($BM16="",$BM16="No FRET",N($BP16)<=0,N(IF($AK16="",68,$AK16))<=0),"",1/(1+($BP16/IF($AK16="",68,$AK16))^6)) | BT16: =IF(OR($A16="",N($BF16)<=0),"",IF(IF($I16="",5000,$I16)>0,$BF16/(IF($G16="",5000,$G16)*IF($H16="",5000,$H16)*IF($I16="",5000,$I16))/1E-024/6.022E+023/0.000000001,"")) | BU16: =IF(Calc!M16=0,"",IF(Calc!K16>=1,"✖ saturated (B ≥ freq.)",IF(Calc!K16>0.1,"⚠ B > 10% of freq.",IF(Calc!K16=0,"⚠ no brightness",IF(Calc!L16>0.1,"⚠ step > 10% of wr",IF(OR(AND(N($BI16)>0,IF($O16="",1,$O16)<3),AND(N($BH16)>0,IF($O16="",1,$O16)<2)),"⚠ uses a colour above Colours = "&IF($O16="",1,$O16)&" (ignored)",IF(AND($BM16<>"",$BM16<>"No FRET",N(IF($O16="",1,$O16))<2),"⚠ FRET needs ≥ 2 colours",IF(AND($BM16<>"",$BM16<>"No FRET",N($BN16)+N($BO16)+N($BP16)=0),"⚠ FRET: set R","✔ OK")))))))) | CI16: =IF(OR($CE16="",$CE16="No FRET",N($CF16)<=0,N(IF($AI16="",63,$AI16))<=0),"",1/(1+($CF16/IF($AI16="",63,$AI16))^6)) | CJ16: =IF(OR($CE16="",$CE16="No FRET",N($CG16)<=0,N(IF($AJ16="",51,$AJ16))<=0),"",1/(1+($CG16/IF($AJ16="",51,$AJ16))^6)) | CK16: =IF(OR($CE16="",$CE16="No FRET",N($CH16)<=0,N(IF($AK16="",68,$AK16))<=0),"",1/(1+($CH16/IF($AK16="",68,$AK16))^6)) | CL16: =IF(OR($A16="",N($BX16)<=0),"",IF(IF($I16="",5000,$I16)>0,$BX16/(IF($G16="",5000,$G16)*IF($H16="",5000,$H16)*IF($I16="",5000,$I16))/1E-024/6.022E+023/0.000000001,"")) | CM16: =IF(Calc!S16=0,"",IF(Calc!Q16>=1,"✖ saturated (B ≥ freq.)",IF(Calc!Q16>0.1,"⚠ B > 10% of freq.",IF(Calc!Q16=0,"⚠ no brightness",IF(Calc!R16>0.1,"⚠ step > 10% of wr",IF(OR(AND(N($CA16)>0,IF($O16="",1,$O16)<3),AND(N($BZ16)>0,IF($O16="",1,$O16)<2)),"⚠ uses a colour above Colours = "&IF($O16="",1,$O16)&" (ignored)",IF(AND($CE16<>"",$CE16<>"No FRET",N(IF($O16="",1,$O16))<2),"⚠ FRET needs ≥ 2 colours",IF(AND($CE16<>"",$CE16<>"No FRET",N($CF16)+N($CG16)+N($CH16)=0),"⚠ FRET: set R","✔ OK")))))))) | DA16: =IF(OR($CW16="",$CW16="No FRET",N($CX16)<=0,N(IF($AI16="",63,$AI16))<=0),"",1/(1+($CX16/IF($AI16="",63,$AI16))^6)) | DB16: =IF(OR($CW16="",$CW16="No FRET",N($CY16)<=0,N(IF($AJ16="",51,$AJ16))<=0),"",1/(1+($CY16/IF($AJ16="",51,$AJ16))^6)) | DC16: =IF(OR($CW16="",$CW16="No FRET",N($CZ16)<=0,N(IF($AK16="",68,$AK16))<=0),"",1/(1+($CZ16/IF($AK16="",68,$AK16))^6)) | DD16: =IF(OR($A16="",N($CP16)<=0),"",IF(IF($I16="",5000,$I16)>0,$CP16/(IF($G16="",5000,$G16)*IF($H16="",5000,$H16)*IF($I16="",5000,$I16))/1E-024/6.022E+023/0.000000001,"")) | DE16: =IF(Calc!Y16=0,"",IF(Calc!W16>=1,"✖ saturated (B ≥ freq.)",IF(Calc!W16>0.1,"⚠ B > 10% of freq.",IF(Calc!W16=0,"⚠ no brightness",IF(Calc!X16>0.1,"⚠ step > 10% of wr",IF(OR(AND(N($CS16)>0,IF($O16="",1,$O16)<3),AND(N($CR16)>0,IF($O16="",1,$O16)<2)),"⚠ uses a colour above Colours = "&IF($O16="",1,$O16)&" (ignored)",IF(AND($CW16<>"",$CW16<>"No FRET",N(IF($O16="",1,$O16))<2),"⚠ FRET needs ≥ 2 colours",IF(AND($CW16<>"",$CW16<>"No FRET",N($CX16)+N($CY16)+N($CZ16)=0),"⚠ FRET: set R","✔ OK")))))))) | DS16: =IF(OR($DO16="",$DO16="No FRET",N($DP16)<=0,N(IF($AI16="",63,$AI16))<=0),"",1/(1+($DP16/IF($AI16="",63,$AI16))^6)) | DT16: =IF(OR($DO16="",$DO16="No FRET",N($DQ16)<=0,N(IF($AJ16="",51,$AJ16))<=0),"",1/(1+($DQ16/IF($AJ16="",51,$AJ16))^6)) | DU16: =IF(OR($DO16="",$DO16="No FRET",N($DR16)<=0,N(IF($AK16="",68,$AK16))<=0),"",1/(1+($DR16/IF($AK16="",68,$AK16))^6)) | DV16: =IF(OR($A16="",N($DH16)<=0),"",IF(IF($I16="",5000,$I16)>0,$DH16/(IF($G16="",5000,$G16)*IF($H16="",5000,$H16)*IF($I16="",5000,$I16))/1E-024/6.022E+023/0.000000001,"")) | DW16: =IF(Calc!AE16=0,"",IF(Calc!AC16>=1,"✖ saturated (B ≥ freq.)",IF(Calc!AC16>0.1,"⚠ B > 10% of freq.",IF(Calc!AC16=0,"⚠ no brightness",IF(Calc!AD16>0.1,"⚠ step > 10% of wr",IF(OR(AND(N($DK16)>0,IF($O16="",1,$O16)<3),AND(N($DJ16)>0,IF($O16="",1,$O16)<2)),"⚠ uses a colour above Colours = "&IF($O16="",1,$O16)&" (ignored)",IF(AND($DO16<>"",$DO16<>"No FRET",N(IF($O16="",1,$O16))<2),"⚠ FRET needs ≥ 2 colours",IF(AND($DO16<>"",$DO16<>"No FRET",N($DP16)+N($DQ16)+N($DR16)=0),"⚠ FRET: set R","✔ OK")))))))) | EK16: =IF(OR($EG16="",$EG16="No FRET",N($EH16)<=0,N(IF($AI16="",63,$AI16))<=0),"",1/(1+($EH16/IF($AI16="",63,$AI16))^6)) | EL16: =IF(OR($EG16="",$EG16="No FRET",N($EI16)<=0,N(IF($AJ16="",51,$AJ16))<=0),"",1/(1+($EI16/IF($AJ16="",51,$AJ16))^6)) | EM16: =IF(OR($EG16="",$EG16="No FRET",N($EJ16)<=0,N(IF($AK16="",68,$AK16))<=0),"",1/(1+($EJ16/IF($AK16="",68,$AK16))^6)) | EN16: =IF(OR($A16="",N($DZ16)<=0),"",IF(IF($I16="",5000,$I16)>0,$DZ16/(IF($G16="",5000,$G16)*IF($H16="",5000,$H16)*IF($I16="",5000,$I16))/1E-024/6.022E+023/0.000000001,"")) | EO16: =IF(Calc!AK16=0,"",IF(Calc!AI16>=1,"✖ saturated (B ≥ freq.)",IF(Calc!AI16>0.1,"⚠ B > 10% of freq.",IF(Calc!AI16=0,"⚠ no brightness",IF(Calc!AJ16>0.1,"⚠ step > 10% of wr",IF(OR(AND(N($EC16)>0,IF($O16="",1,$O16)<3),AND(N($EB16)>0,IF($O16="",1,$O16)<2)),"⚠ uses a colour above Colours = "&IF($O16="",1,$O16)&" (ignored)",IF(AND($EG16<>"",$EG16<>"No FRET",N(IF($O16="",1,$O16))<2),"⚠ FRET needs ≥ 2 colours",IF(AND($EG16<>"",$EG16<>"No FRET",N($EH16)+N($EI16)+N($EJ16)=0),"⚠ FRET: set R","✔ OK")))))))) | EP16: =IF($A16="","",SUM(Calc!G16,Calc!M16,Calc!S16,Calc!Y16,Calc!AE16,Calc!AK16)) | EQ16: =IF($A16="","",N($AN16)+N($BF16)+N($BX16)+N($CP16)+N($DH16)+N($DZ16)) | ER16: =IF($A16="","",SUM(Calc!B16,Calc!H16,Calc!N16,Calc!T16,Calc!Z16,Calc!AF16)) | ES16: =IF($A16="","",SUM(Calc!C16,Calc!I16,Calc!O16,Calc!U16,Calc!AA16,Calc!AG16)) | ET16: =IF($A16="","",SUM(Calc!D16,Calc!J16,Calc!P16,Calc!V16,Calc!AB16,Calc!AH16)) | EU16: =IF($A16="","",($ER16+$ES16+$ET16+IF($P16="Yes",N($Q16)*N(IF($O16="",1,$O16)),0))*1000*IF($K16="",10,$K16)/1000000) | EV16: =IF($A16="","",$EU16*1000000*12/1000000000) | EW16: =IF($A16="","",IF($EP16=0,"⚠ no species entered",IF(((LEFT($BC16,1)="✖")+(LEFT($BU16,1)="✖")+(LEFT($CM16,1)="✖")+(LEFT($DE16,1)="✖")+(LEFT($DW16,1)="✖")+(LEFT($EO16,1)="✖"))>0,"✖ "&((LEFT($BC16,1)="✖")+(LEFT($BU16,1)="✖")+(LEFT($CM16,1)="✖")+(LEFT($DE16,1)="✖")+(LEFT($DW16,1)="✖")+(LEFT($EO16,1)="✖"))&" species saturated - see the species checks",IF(MIN(IF($G16="",5000,$G16),IF($H16="",5000,$H16))<8*MAX(IF($T16="",200,$T16),IF($U16="",200,$U16),IF($V16="",200,$V16)),"⚠ box too small laterally (< 8·wr)",IF(AND(IF($I16="",5000,$I16)>0,IF($I16="",5000,$I16)<3*MAX(IF($W16="",1000,$W16),IF($X16="",1000,$X16),IF($Y16="",1000,$Y16))),"⚠ box too small axially (< 3·wz)",IF($EV16>8,"⚠ > 8 GB per file: shorten the duration and use several files",IF(((LEFT($BC16,1)="⚠")+(LEFT($BU16,1)="⚠")+(LEFT($CM16,1)="⚠")+(LEFT($DE16,1)="⚠")+(LEFT($DW16,1)="⚠")+(LEFT($EO16,1)="⚠"))>0,"⚠ "&((LEFT($BC16,1)="⚠")+(LEFT($BU16,1)="⚠")+(LEFT($CM16,1)="⚠")+(LEFT($DE16,1)="⚠")+(LEFT($DW16,1)="⚠")+(LEFT($EO16,1)="⚠"))&" species with a warning","✔ OK")))))))
AY17: =IF(OR($AU17="",$AU17="No FRET",N($AV17)<=0,N(IF($AI17="",63,$AI17))<=0),"",1/(1+($AV17/IF($AI17="",63,$AI17))^6)) | AZ17: =IF(OR($AU17="",$AU17="No FRET",N($AW17)<=0,N(IF($AJ17="",51,$AJ17))<=0),"",1/(1+($AW17/IF($AJ17="",51,$AJ17))^6)) | BA17: =IF(OR($AU17="",$AU17="No FRET",N($AX17)<=0,N(IF($AK17="",68,$AK17))<=0),"",1/(1+($AX17/IF($AK17="",68,$AK17))^6)) | BB17: =IF(OR($A17="",N($AN17)<=0),"",IF(IF($I17="",5000,$I17)>0,$AN17/(IF($G17="",5000,$G17)*IF($H17="",5000,$H17)*IF($I17="",5000,$I17))/1E-024/6.022E+023/0.000000001,"")) | BC17: =IF(Calc!G17=0,"",IF(Calc!E17>=1,"✖ saturated (B ≥ freq.)",IF(Calc!E17>0.1,"⚠ B > 10% of freq.",IF(Calc!E17=0,"⚠ no brightness",IF(Calc!F17>0.1,"⚠ step > 10% of wr",IF(OR(AND(N($AQ17)>0,IF($O17="",1,$O17)<3),AND(N($AP17)>0,IF($O17="",1,$O17)<2)),"⚠ uses a colour above Colours = "&IF($O17="",1,$O17)&" (ignored)",IF(AND($AU17<>"",$AU17<>"No FRET",N(IF($O17="",1,$O17))<2),"⚠ FRET needs ≥ 2 colours",IF(AND($AU17<>"",$AU17<>"No FRET",N($AV17)+N($AW17)+N($AX17)=0),"⚠ FRET: set R","✔ OK")))))))) | BQ17: =IF(OR($BM17="",$BM17="No FRET",N($BN17)<=0,N(IF($AI17="",63,$AI17))<=0),"",1/(1+($BN17/IF($AI17="",63,$AI17))^6)) | BR17: =IF(OR($BM17="",$BM17="No FRET",N($BO17)<=0,N(IF($AJ17="",51,$AJ17))<=0),"",1/(1+($BO17/IF($AJ17="",51,$AJ17))^6)) | BS17: =IF(OR($BM17="",$BM17="No FRET",N($BP17)<=0,N(IF($AK17="",68,$AK17))<=0),"",1/(1+($BP17/IF($AK17="",68,$AK17))^6)) | BT17: =IF(OR($A17="",N($BF17)<=0),"",IF(IF($I17="",5000,$I17)>0,$BF17/(IF($G17="",5000,$G17)*IF($H17="",5000,$H17)*IF($I17="",5000,$I17))/1E-024/6.022E+023/0.000000001,"")) | BU17: =IF(Calc!M17=0,"",IF(Calc!K17>=1,"✖ saturated (B ≥ freq.)",IF(Calc!K17>0.1,"⚠ B > 10% of freq.",IF(Calc!K17=0,"⚠ no brightness",IF(Calc!L17>0.1,"⚠ step > 10% of wr",IF(OR(AND(N($BI17)>0,IF($O17="",1,$O17)<3),AND(N($BH17)>0,IF($O17="",1,$O17)<2)),"⚠ uses a colour above Colours = "&IF($O17="",1,$O17)&" (ignored)",IF(AND($BM17<>"",$BM17<>"No FRET",N(IF($O17="",1,$O17))<2),"⚠ FRET needs ≥ 2 colours",IF(AND($BM17<>"",$BM17<>"No FRET",N($BN17)+N($BO17)+N($BP17)=0),"⚠ FRET: set R","✔ OK")))))))) | CI17: =IF(OR($CE17="",$CE17="No FRET",N($CF17)<=0,N(IF($AI17="",63,$AI17))<=0),"",1/(1+($CF17/IF($AI17="",63,$AI17))^6)) | CJ17: =IF(OR($CE17="",$CE17="No FRET",N($CG17)<=0,N(IF($AJ17="",51,$AJ17))<=0),"",1/(1+($CG17/IF($AJ17="",51,$AJ17))^6)) | CK17: =IF(OR($CE17="",$CE17="No FRET",N($CH17)<=0,N(IF($AK17="",68,$AK17))<=0),"",1/(1+($CH17/IF($AK17="",68,$AK17))^6)) | CL17: =IF(OR($A17="",N($BX17)<=0),"",IF(IF($I17="",5000,$I17)>0,$BX17/(IF($G17="",5000,$G17)*IF($H17="",5000,$H17)*IF($I17="",5000,$I17))/1E-024/6.022E+023/0.000000001,"")) | CM17: =IF(Calc!S17=0,"",IF(Calc!Q17>=1,"✖ saturated (B ≥ freq.)",IF(Calc!Q17>0.1,"⚠ B > 10% of freq.",IF(Calc!Q17=0,"⚠ no brightness",IF(Calc!R17>0.1,"⚠ step > 10% of wr",IF(OR(AND(N($CA17)>0,IF($O17="",1,$O17)<3),AND(N($BZ17)>0,IF($O17="",1,$O17)<2)),"⚠ uses a colour above Colours = "&IF($O17="",1,$O17)&" (ignored)",IF(AND($CE17<>"",$CE17<>"No FRET",N(IF($O17="",1,$O17))<2),"⚠ FRET needs ≥ 2 colours",IF(AND($CE17<>"",$CE17<>"No FRET",N($CF17)+N($CG17)+N($CH17)=0),"⚠ FRET: set R","✔ OK")))))))) | DA17: =IF(OR($CW17="",$CW17="No FRET",N($CX17)<=0,N(IF($AI17="",63,$AI17))<=0),"",1/(1+($CX17/IF($AI17="",63,$AI17))^6)) | DB17: =IF(OR($CW17="",$CW17="No FRET",N($CY17)<=0,N(IF($AJ17="",51,$AJ17))<=0),"",1/(1+($CY17/IF($AJ17="",51,$AJ17))^6)) | DC17: =IF(OR($CW17="",$CW17="No FRET",N($CZ17)<=0,N(IF($AK17="",68,$AK17))<=0),"",1/(1+($CZ17/IF($AK17="",68,$AK17))^6)) | DD17: =IF(OR($A17="",N($CP17)<=0),"",IF(IF($I17="",5000,$I17)>0,$CP17/(IF($G17="",5000,$G17)*IF($H17="",5000,$H17)*IF($I17="",5000,$I17))/1E-024/6.022E+023/0.000000001,"")) | DE17: =IF(Calc!Y17=0,"",IF(Calc!W17>=1,"✖ saturated (B ≥ freq.)",IF(Calc!W17>0.1,"⚠ B > 10% of freq.",IF(Calc!W17=0,"⚠ no brightness",IF(Calc!X17>0.1,"⚠ step > 10% of wr",IF(OR(AND(N($CS17)>0,IF($O17="",1,$O17)<3),AND(N($CR17)>0,IF($O17="",1,$O17)<2)),"⚠ uses a colour above Colours = "&IF($O17="",1,$O17)&" (ignored)",IF(AND($CW17<>"",$CW17<>"No FRET",N(IF($O17="",1,$O17))<2),"⚠ FRET needs ≥ 2 colours",IF(AND($CW17<>"",$CW17<>"No FRET",N($CX17)+N($CY17)+N($CZ17)=0),"⚠ FRET: set R","✔ OK")))))))) | DS17: =IF(OR($DO17="",$DO17="No FRET",N($DP17)<=0,N(IF($AI17="",63,$AI17))<=0),"",1/(1+($DP17/IF($AI17="",63,$AI17))^6)) | DT17: =IF(OR($DO17="",$DO17="No FRET",N($DQ17)<=0,N(IF($AJ17="",51,$AJ17))<=0),"",1/(1+($DQ17/IF($AJ17="",51,$AJ17))^6)) | DU17: =IF(OR($DO17="",$DO17="No FRET",N($DR17)<=0,N(IF($AK17="",68,$AK17))<=0),"",1/(1+($DR17/IF($AK17="",68,$AK17))^6)) | DV17: =IF(OR($A17="",N($DH17)<=0),"",IF(IF($I17="",5000,$I17)>0,$DH17/(IF($G17="",5000,$G17)*IF($H17="",5000,$H17)*IF($I17="",5000,$I17))/1E-024/6.022E+023/0.000000001,"")) | DW17: =IF(Calc!AE17=0,"",IF(Calc!AC17>=1,"✖ saturated (B ≥ freq.)",IF(Calc!AC17>0.1,"⚠ B > 10% of freq.",IF(Calc!AC17=0,"⚠ no brightness",IF(Calc!AD17>0.1,"⚠ step > 10% of wr",IF(OR(AND(N($DK17)>0,IF($O17="",1,$O17)<3),AND(N($DJ17)>0,IF($O17="",1,$O17)<2)),"⚠ uses a colour above Colours = "&IF($O17="",1,$O17)&" (ignored)",IF(AND($DO17<>"",$DO17<>"No FRET",N(IF($O17="",1,$O17))<2),"⚠ FRET needs ≥ 2 colours",IF(AND($DO17<>"",$DO17<>"No FRET",N($DP17)+N($DQ17)+N($DR17)=0),"⚠ FRET: set R","✔ OK")))))))) | EK17: =IF(OR($EG17="",$EG17="No FRET",N($EH17)<=0,N(IF($AI17="",63,$AI17))<=0),"",1/(1+($EH17/IF($AI17="",63,$AI17))^6)) | EL17: =IF(OR($EG17="",$EG17="No FRET",N($EI17)<=0,N(IF($AJ17="",51,$AJ17))<=0),"",1/(1+($EI17/IF($AJ17="",51,$AJ17))^6)) | EM17: =IF(OR($EG17="",$EG17="No FRET",N($EJ17)<=0,N(IF($AK17="",68,$AK17))<=0),"",1/(1+($EJ17/IF($AK17="",68,$AK17))^6)) | EN17: =IF(OR($A17="",N($DZ17)<=0),"",IF(IF($I17="",5000,$I17)>0,$DZ17/(IF($G17="",5000,$G17)*IF($H17="",5000,$H17)*IF($I17="",5000,$I17))/1E-024/6.022E+023/0.000000001,"")) | EO17: =IF(Calc!AK17=0,"",IF(Calc!AI17>=1,"✖ saturated (B ≥ freq.)",IF(Calc!AI17>0.1,"⚠ B > 10% of freq.",IF(Calc!AI17=0,"⚠ no brightness",IF(Calc!AJ17>0.1,"⚠ step > 10% of wr",IF(OR(AND(N($EC17)>0,IF($O17="",1,$O17)<3),AND(N($EB17)>0,IF($O17="",1,$O17)<2)),"⚠ uses a colour above Colours = "&IF($O17="",1,$O17)&" (ignored)",IF(AND($EG17<>"",$EG17<>"No FRET",N(IF($O17="",1,$O17))<2),"⚠ FRET needs ≥ 2 colours",IF(AND($EG17<>"",$EG17<>"No FRET",N($EH17)+N($EI17)+N($EJ17)=0),"⚠ FRET: set R","✔ OK")))))))) | EP17: =IF($A17="","",SUM(Calc!G17,Calc!M17,Calc!S17,Calc!Y17,Calc!AE17,Calc!AK17)) | EQ17: =IF($A17="","",N($AN17)+N($BF17)+N($BX17)+N($CP17)+N($DH17)+N($DZ17)) | ER17: =IF($A17="","",SUM(Calc!B17,Calc!H17,Calc!N17,Calc!T17,Calc!Z17,Calc!AF17)) | ES17: =IF($A17="","",SUM(Calc!C17,Calc!I17,Calc!O17,Calc!U17,Calc!AA17,Calc!AG17)) | ET17: =IF($A17="","",SUM(Calc!D17,Calc!J17,Calc!P17,Calc!V17,Calc!AB17,Calc!AH17)) | EU17: =IF($A17="","",($ER17+$ES17+$ET17+IF($P17="Yes",N($Q17)*N(IF($O17="",1,$O17)),0))*1000*IF($K17="",10,$K17)/1000000) | EV17: =IF($A17="","",$EU17*1000000*12/1000000000) | EW17: =IF($A17="","",IF($EP17=0,"⚠ no species entered",IF(((LEFT($BC17,1)="✖")+(LEFT($BU17,1)="✖")+(LEFT($CM17,1)="✖")+(LEFT($DE17,1)="✖")+(LEFT($DW17,1)="✖")+(LEFT($EO17,1)="✖"))>0,"✖ "&((LEFT($BC17,1)="✖")+(LEFT($BU17,1)="✖")+(LEFT($CM17,1)="✖")+(LEFT($DE17,1)="✖")+(LEFT($DW17,1)="✖")+(LEFT($EO17,1)="✖"))&" species saturated - see the species checks",IF(MIN(IF($G17="",5000,$G17),IF($H17="",5000,$H17))<8*MAX(IF($T17="",200,$T17),IF($U17="",200,$U17),IF($V17="",200,$V17)),"⚠ box too small laterally (< 8·wr)",IF(AND(IF($I17="",5000,$I17)>0,IF($I17="",5000,$I17)<3*MAX(IF($W17="",1000,$W17),IF($X17="",1000,$X17),IF($Y17="",1000,$Y17))),"⚠ box too small axially (< 3·wz)",IF($EV17>8,"⚠ > 8 GB per file: shorten the duration and use several files",IF(((LEFT($BC17,1)="⚠")+(LEFT($BU17,1)="⚠")+(LEFT($CM17,1)="⚠")+(LEFT($DE17,1)="⚠")+(LEFT($DW17,1)="⚠")+(LEFT($EO17,1)="⚠"))>0,"⚠ "&((LEFT($BC17,1)="⚠")+(LEFT($BU17,1)="⚠")+(LEFT($CM17,1)="⚠")+(LEFT($DE17,1)="⚠")+(LEFT($DW17,1)="⚠")+(LEFT($EO17,1)="⚠"))&" species with a warning","✔ OK")))))))
AY18: =IF(OR($AU18="",$AU18="No FRET",N($AV18)<=0,N(IF($AI18="",63,$AI18))<=0),"",1/(1+($AV18/IF($AI18="",63,$AI18))^6)) | AZ18: =IF(OR($AU18="",$AU18="No FRET",N($AW18)<=0,N(IF($AJ18="",51,$AJ18))<=0),"",1/(1+($AW18/IF($AJ18="",51,$AJ18))^6)) | BA18: =IF(OR($AU18="",$AU18="No FRET",N($AX18)<=0,N(IF($AK18="",68,$AK18))<=0),"",1/(1+($AX18/IF($AK18="",68,$AK18))^6)) | BB18: =IF(OR($A18="",N($AN18)<=0),"",IF(IF($I18="",5000,$I18)>0,$AN18/(IF($G18="",5000,$G18)*IF($H18="",5000,$H18)*IF($I18="",5000,$I18))/1E-024/6.022E+023/0.000000001,"")) | BC18: =IF(Calc!G18=0,"",IF(Calc!E18>=1,"✖ saturated (B ≥ freq.)",IF(Calc!E18>0.1,"⚠ B > 10% of freq.",IF(Calc!E18=0,"⚠ no brightness",IF(Calc!F18>0.1,"⚠ step > 10% of wr",IF(OR(AND(N($AQ18)>0,IF($O18="",1,$O18)<3),AND(N($AP18)>0,IF($O18="",1,$O18)<2)),"⚠ uses a colour above Colours = "&IF($O18="",1,$O18)&" (ignored)",IF(AND($AU18<>"",$AU18<>"No FRET",N(IF($O18="",1,$O18))<2),"⚠ FRET needs ≥ 2 colours",IF(AND($AU18<>"",$AU18<>"No FRET",N($AV18)+N($AW18)+N($AX18)=0),"⚠ FRET: set R","✔ OK")))))))) | BQ18: =IF(OR($BM18="",$BM18="No FRET",N($BN18)<=0,N(IF($AI18="",63,$AI18))<=0),"",1/(1+($BN18/IF($AI18="",63,$AI18))^6)) | BR18: =IF(OR($BM18="",$BM18="No FRET",N($BO18)<=0,N(IF($AJ18="",51,$AJ18))<=0),"",1/(1+($BO18/IF($AJ18="",51,$AJ18))^6)) | BS18: =IF(OR($BM18="",$BM18="No FRET",N($BP18)<=0,N(IF($AK18="",68,$AK18))<=0),"",1/(1+($BP18/IF($AK18="",68,$AK18))^6)) | BT18: =IF(OR($A18="",N($BF18)<=0),"",IF(IF($I18="",5000,$I18)>0,$BF18/(IF($G18="",5000,$G18)*IF($H18="",5000,$H18)*IF($I18="",5000,$I18))/1E-024/6.022E+023/0.000000001,"")) | BU18: =IF(Calc!M18=0,"",IF(Calc!K18>=1,"✖ saturated (B ≥ freq.)",IF(Calc!K18>0.1,"⚠ B > 10% of freq.",IF(Calc!K18=0,"⚠ no brightness",IF(Calc!L18>0.1,"⚠ step > 10% of wr",IF(OR(AND(N($BI18)>0,IF($O18="",1,$O18)<3),AND(N($BH18)>0,IF($O18="",1,$O18)<2)),"⚠ uses a colour above Colours = "&IF($O18="",1,$O18)&" (ignored)",IF(AND($BM18<>"",$BM18<>"No FRET",N(IF($O18="",1,$O18))<2),"⚠ FRET needs ≥ 2 colours",IF(AND($BM18<>"",$BM18<>"No FRET",N($BN18)+N($BO18)+N($BP18)=0),"⚠ FRET: set R","✔ OK")))))))) | CI18: =IF(OR($CE18="",$CE18="No FRET",N($CF18)<=0,N(IF($AI18="",63,$AI18))<=0),"",1/(1+($CF18/IF($AI18="",63,$AI18))^6)) | CJ18: =IF(OR($CE18="",$CE18="No FRET",N($CG18)<=0,N(IF($AJ18="",51,$AJ18))<=0),"",1/(1+($CG18/IF($AJ18="",51,$AJ18))^6)) | CK18: =IF(OR($CE18="",$CE18="No FRET",N($CH18)<=0,N(IF($AK18="",68,$AK18))<=0),"",1/(1+($CH18/IF($AK18="",68,$AK18))^6)) | CL18: =IF(OR($A18="",N($BX18)<=0),"",IF(IF($I18="",5000,$I18)>0,$BX18/(IF($G18="",5000,$G18)*IF($H18="",5000,$H18)*IF($I18="",5000,$I18))/1E-024/6.022E+023/0.000000001,"")) | CM18: =IF(Calc!S18=0,"",IF(Calc!Q18>=1,"✖ saturated (B ≥ freq.)",IF(Calc!Q18>0.1,"⚠ B > 10% of freq.",IF(Calc!Q18=0,"⚠ no brightness",IF(Calc!R18>0.1,"⚠ step > 10% of wr",IF(OR(AND(N($CA18)>0,IF($O18="",1,$O18)<3),AND(N($BZ18)>0,IF($O18="",1,$O18)<2)),"⚠ uses a colour above Colours = "&IF($O18="",1,$O18)&" (ignored)",IF(AND($CE18<>"",$CE18<>"No FRET",N(IF($O18="",1,$O18))<2),"⚠ FRET needs ≥ 2 colours",IF(AND($CE18<>"",$CE18<>"No FRET",N($CF18)+N($CG18)+N($CH18)=0),"⚠ FRET: set R","✔ OK")))))))) | DA18: =IF(OR($CW18="",$CW18="No FRET",N($CX18)<=0,N(IF($AI18="",63,$AI18))<=0),"",1/(1+($CX18/IF($AI18="",63,$AI18))^6)) | DB18: =IF(OR($CW18="",$CW18="No FRET",N($CY18)<=0,N(IF($AJ18="",51,$AJ18))<=0),"",1/(1+($CY18/IF($AJ18="",51,$AJ18))^6)) | DC18: =IF(OR($CW18="",$CW18="No FRET",N($CZ18)<=0,N(IF($AK18="",68,$AK18))<=0),"",1/(1+($CZ18/IF($AK18="",68,$AK18))^6)) | DD18: =IF(OR($A18="",N($CP18)<=0),"",IF(IF($I18="",5000,$I18)>0,$CP18/(IF($G18="",5000,$G18)*IF($H18="",5000,$H18)*IF($I18="",5000,$I18))/1E-024/6.022E+023/0.000000001,"")) | DE18: =IF(Calc!Y18=0,"",IF(Calc!W18>=1,"✖ saturated (B ≥ freq.)",IF(Calc!W18>0.1,"⚠ B > 10% of freq.",IF(Calc!W18=0,"⚠ no brightness",IF(Calc!X18>0.1,"⚠ step > 10% of wr",IF(OR(AND(N($CS18)>0,IF($O18="",1,$O18)<3),AND(N($CR18)>0,IF($O18="",1,$O18)<2)),"⚠ uses a colour above Colours = "&IF($O18="",1,$O18)&" (ignored)",IF(AND($CW18<>"",$CW18<>"No FRET",N(IF($O18="",1,$O18))<2),"⚠ FRET needs ≥ 2 colours",IF(AND($CW18<>"",$CW18<>"No FRET",N($CX18)+N($CY18)+N($CZ18)=0),"⚠ FRET: set R","✔ OK")))))))) | DS18: =IF(OR($DO18="",$DO18="No FRET",N($DP18)<=0,N(IF($AI18="",63,$AI18))<=0),"",1/(1+($DP18/IF($AI18="",63,$AI18))^6)) | DT18: =IF(OR($DO18="",$DO18="No FRET",N($DQ18)<=0,N(IF($AJ18="",51,$AJ18))<=0),"",1/(1+($DQ18/IF($AJ18="",51,$AJ18))^6)) | DU18: =IF(OR($DO18="",$DO18="No FRET",N($DR18)<=0,N(IF($AK18="",68,$AK18))<=0),"",1/(1+($DR18/IF($AK18="",68,$AK18))^6)) | DV18: =IF(OR($A18="",N($DH18)<=0),"",IF(IF($I18="",5000,$I18)>0,$DH18/(IF($G18="",5000,$G18)*IF($H18="",5000,$H18)*IF($I18="",5000,$I18))/1E-024/6.022E+023/0.000000001,"")) | DW18: =IF(Calc!AE18=0,"",IF(Calc!AC18>=1,"✖ saturated (B ≥ freq.)",IF(Calc!AC18>0.1,"⚠ B > 10% of freq.",IF(Calc!AC18=0,"⚠ no brightness",IF(Calc!AD18>0.1,"⚠ step > 10% of wr",IF(OR(AND(N($DK18)>0,IF($O18="",1,$O18)<3),AND(N($DJ18)>0,IF($O18="",1,$O18)<2)),"⚠ uses a colour above Colours = "&IF($O18="",1,$O18)&" (ignored)",IF(AND($DO18<>"",$DO18<>"No FRET",N(IF($O18="",1,$O18))<2),"⚠ FRET needs ≥ 2 colours",IF(AND($DO18<>"",$DO18<>"No FRET",N($DP18)+N($DQ18)+N($DR18)=0),"⚠ FRET: set R","✔ OK")))))))) | EK18: =IF(OR($EG18="",$EG18="No FRET",N($EH18)<=0,N(IF($AI18="",63,$AI18))<=0),"",1/(1+($EH18/IF($AI18="",63,$AI18))^6)) | EL18: =IF(OR($EG18="",$EG18="No FRET",N($EI18)<=0,N(IF($AJ18="",51,$AJ18))<=0),"",1/(1+($EI18/IF($AJ18="",51,$AJ18))^6)) | EM18: =IF(OR($EG18="",$EG18="No FRET",N($EJ18)<=0,N(IF($AK18="",68,$AK18))<=0),"",1/(1+($EJ18/IF($AK18="",68,$AK18))^6)) | EN18: =IF(OR($A18="",N($DZ18)<=0),"",IF(IF($I18="",5000,$I18)>0,$DZ18/(IF($G18="",5000,$G18)*IF($H18="",5000,$H18)*IF($I18="",5000,$I18))/1E-024/6.022E+023/0.000000001,"")) | EO18: =IF(Calc!AK18=0,"",IF(Calc!AI18>=1,"✖ saturated (B ≥ freq.)",IF(Calc!AI18>0.1,"⚠ B > 10% of freq.",IF(Calc!AI18=0,"⚠ no brightness",IF(Calc!AJ18>0.1,"⚠ step > 10% of wr",IF(OR(AND(N($EC18)>0,IF($O18="",1,$O18)<3),AND(N($EB18)>0,IF($O18="",1,$O18)<2)),"⚠ uses a colour above Colours = "&IF($O18="",1,$O18)&" (ignored)",IF(AND($EG18<>"",$EG18<>"No FRET",N(IF($O18="",1,$O18))<2),"⚠ FRET needs ≥ 2 colours",IF(AND($EG18<>"",$EG18<>"No FRET",N($EH18)+N($EI18)+N($EJ18)=0),"⚠ FRET: set R","✔ OK")))))))) | EP18: =IF($A18="","",SUM(Calc!G18,Calc!M18,Calc!S18,Calc!Y18,Calc!AE18,Calc!AK18)) | EQ18: =IF($A18="","",N($AN18)+N($BF18)+N($BX18)+N($CP18)+N($DH18)+N($DZ18)) | ER18: =IF($A18="","",SUM(Calc!B18,Calc!H18,Calc!N18,Calc!T18,Calc!Z18,Calc!AF18)) | ES18: =IF($A18="","",SUM(Calc!C18,Calc!I18,Calc!O18,Calc!U18,Calc!AA18,Calc!AG18)) | ET18: =IF($A18="","",SUM(Calc!D18,Calc!J18,Calc!P18,Calc!V18,Calc!AB18,Calc!AH18)) | EU18: =IF($A18="","",($ER18+$ES18+$ET18+IF($P18="Yes",N($Q18)*N(IF($O18="",1,$O18)),0))*1000*IF($K18="",10,$K18)/1000000) | EV18: =IF($A18="","",$EU18*1000000*12/1000000000) | EW18: =IF($A18="","",IF($EP18=0,"⚠ no species entered",IF(((LEFT($BC18,1)="✖")+(LEFT($BU18,1)="✖")+(LEFT($CM18,1)="✖")+(LEFT($DE18,1)="✖")+(LEFT($DW18,1)="✖")+(LEFT($EO18,1)="✖"))>0,"✖ "&((LEFT($BC18,1)="✖")+(LEFT($BU18,1)="✖")+(LEFT($CM18,1)="✖")+(LEFT($DE18,1)="✖")+(LEFT($DW18,1)="✖")+(LEFT($EO18,1)="✖"))&" species saturated - see the species checks",IF(MIN(IF($G18="",5000,$G18),IF($H18="",5000,$H18))<8*MAX(IF($T18="",200,$T18),IF($U18="",200,$U18),IF($V18="",200,$V18)),"⚠ box too small laterally (< 8·wr)",IF(AND(IF($I18="",5000,$I18)>0,IF($I18="",5000,$I18)<3*MAX(IF($W18="",1000,$W18),IF($X18="",1000,$X18),IF($Y18="",1000,$Y18))),"⚠ box too small axially (< 3·wz)",IF($EV18>8,"⚠ > 8 GB per file: shorten the duration and use several files",IF(((LEFT($BC18,1)="⚠")+(LEFT($BU18,1)="⚠")+(LEFT($CM18,1)="⚠")+(LEFT($DE18,1)="⚠")+(LEFT($DW18,1)="⚠")+(LEFT($EO18,1)="⚠"))>0,"⚠ "&((LEFT($BC18,1)="⚠")+(LEFT($BU18,1)="⚠")+(LEFT($CM18,1)="⚠")+(LEFT($DE18,1)="⚠")+(LEFT($DW18,1)="⚠")+(LEFT($EO18,1)="⚠"))&" species with a warning","✔ OK")))))))
AY19: =IF(OR($AU19="",$AU19="No FRET",N($AV19)<=0,N(IF($AI19="",63,$AI19))<=0),"",1/(1+($AV19/IF($AI19="",63,$AI19))^6)) | AZ19: =IF(OR($AU19="",$AU19="No FRET",N($AW19)<=0,N(IF($AJ19="",51,$AJ19))<=0),"",1/(1+($AW19/IF($AJ19="",51,$AJ19))^6)) | BA19: =IF(OR($AU19="",$AU19="No FRET",N($AX19)<=0,N(IF($AK19="",68,$AK19))<=0),"",1/(1+($AX19/IF($AK19="",68,$AK19))^6)) | BB19: =IF(OR($A19="",N($AN19)<=0),"",IF(IF($I19="",5000,$I19)>0,$AN19/(IF($G19="",5000,$G19)*IF($H19="",5000,$H19)*IF($I19="",5000,$I19))/1E-024/6.022E+023/0.000000001,"")) | BC19: =IF(Calc!G19=0,"",IF(Calc!E19>=1,"✖ saturated (B ≥ freq.)",IF(Calc!E19>0.1,"⚠ B > 10% of freq.",IF(Calc!E19=0,"⚠ no brightness",IF(Calc!F19>0.1,"⚠ step > 10% of wr",IF(OR(AND(N($AQ19)>0,IF($O19="",1,$O19)<3),AND(N($AP19)>0,IF($O19="",1,$O19)<2)),"⚠ uses a colour above Colours = "&IF($O19="",1,$O19)&" (ignored)",IF(AND($AU19<>"",$AU19<>"No FRET",N(IF($O19="",1,$O19))<2),"⚠ FRET needs ≥ 2 colours",IF(AND($AU19<>"",$AU19<>"No FRET",N($AV19)+N($AW19)+N($AX19)=0),"⚠ FRET: set R","✔ OK")))))))) | BQ19: =IF(OR($BM19="",$BM19="No FRET",N($BN19)<=0,N(IF($AI19="",63,$AI19))<=0),"",1/(1+($BN19/IF($AI19="",63,$AI19))^6)) | BR19: =IF(OR($BM19="",$BM19="No FRET",N($BO19)<=0,N(IF($AJ19="",51,$AJ19))<=0),"",1/(1+($BO19/IF($AJ19="",51,$AJ19))^6)) | BS19: =IF(OR($BM19="",$BM19="No FRET",N($BP19)<=0,N(IF($AK19="",68,$AK19))<=0),"",1/(1+($BP19/IF($AK19="",68,$AK19))^6)) | BT19: =IF(OR($A19="",N($BF19)<=0),"",IF(IF($I19="",5000,$I19)>0,$BF19/(IF($G19="",5000,$G19)*IF($H19="",5000,$H19)*IF($I19="",5000,$I19))/1E-024/6.022E+023/0.000000001,"")) | BU19: =IF(Calc!M19=0,"",IF(Calc!K19>=1,"✖ saturated (B ≥ freq.)",IF(Calc!K19>0.1,"⚠ B > 10% of freq.",IF(Calc!K19=0,"⚠ no brightness",IF(Calc!L19>0.1,"⚠ step > 10% of wr",IF(OR(AND(N($BI19)>0,IF($O19="",1,$O19)<3),AND(N($BH19)>0,IF($O19="",1,$O19)<2)),"⚠ uses a colour above Colours = "&IF($O19="",1,$O19)&" (ignored)",IF(AND($BM19<>"",$BM19<>"No FRET",N(IF($O19="",1,$O19))<2),"⚠ FRET needs ≥ 2 colours",IF(AND($BM19<>"",$BM19<>"No FRET",N($BN19)+N($BO19)+N($BP19)=0),"⚠ FRET: set R","✔ OK")))))))) | CI19: =IF(OR($CE19="",$CE19="No FRET",N($CF19)<=0,N(IF($AI19="",63,$AI19))<=0),"",1/(1+($CF19/IF($AI19="",63,$AI19))^6)) | CJ19: =IF(OR($CE19="",$CE19="No FRET",N($CG19)<=0,N(IF($AJ19="",51,$AJ19))<=0),"",1/(1+($CG19/IF($AJ19="",51,$AJ19))^6)) | CK19: =IF(OR($CE19="",$CE19="No FRET",N($CH19)<=0,N(IF($AK19="",68,$AK19))<=0),"",1/(1+($CH19/IF($AK19="",68,$AK19))^6)) | CL19: =IF(OR($A19="",N($BX19)<=0),"",IF(IF($I19="",5000,$I19)>0,$BX19/(IF($G19="",5000,$G19)*IF($H19="",5000,$H19)*IF($I19="",5000,$I19))/1E-024/6.022E+023/0.000000001,"")) | CM19: =IF(Calc!S19=0,"",IF(Calc!Q19>=1,"✖ saturated (B ≥ freq.)",IF(Calc!Q19>0.1,"⚠ B > 10% of freq.",IF(Calc!Q19=0,"⚠ no brightness",IF(Calc!R19>0.1,"⚠ step > 10% of wr",IF(OR(AND(N($CA19)>0,IF($O19="",1,$O19)<3),AND(N($BZ19)>0,IF($O19="",1,$O19)<2)),"⚠ uses a colour above Colours = "&IF($O19="",1,$O19)&" (ignored)",IF(AND($CE19<>"",$CE19<>"No FRET",N(IF($O19="",1,$O19))<2),"⚠ FRET needs ≥ 2 colours",IF(AND($CE19<>"",$CE19<>"No FRET",N($CF19)+N($CG19)+N($CH19)=0),"⚠ FRET: set R","✔ OK")))))))) | DA19: =IF(OR($CW19="",$CW19="No FRET",N($CX19)<=0,N(IF($AI19="",63,$AI19))<=0),"",1/(1+($CX19/IF($AI19="",63,$AI19))^6)) | DB19: =IF(OR($CW19="",$CW19="No FRET",N($CY19)<=0,N(IF($AJ19="",51,$AJ19))<=0),"",1/(1+($CY19/IF($AJ19="",51,$AJ19))^6)) | DC19: =IF(OR($CW19="",$CW19="No FRET",N($CZ19)<=0,N(IF($AK19="",68,$AK19))<=0),"",1/(1+($CZ19/IF($AK19="",68,$AK19))^6)) | DD19: =IF(OR($A19="",N($CP19)<=0),"",IF(IF($I19="",5000,$I19)>0,$CP19/(IF($G19="",5000,$G19)*IF($H19="",5000,$H19)*IF($I19="",5000,$I19))/1E-024/6.022E+023/0.000000001,"")) | DE19: =IF(Calc!Y19=0,"",IF(Calc!W19>=1,"✖ saturated (B ≥ freq.)",IF(Calc!W19>0.1,"⚠ B > 10% of freq.",IF(Calc!W19=0,"⚠ no brightness",IF(Calc!X19>0.1,"⚠ step > 10% of wr",IF(OR(AND(N($CS19)>0,IF($O19="",1,$O19)<3),AND(N($CR19)>0,IF($O19="",1,$O19)<2)),"⚠ uses a colour above Colours = "&IF($O19="",1,$O19)&" (ignored)",IF(AND($CW19<>"",$CW19<>"No FRET",N(IF($O19="",1,$O19))<2),"⚠ FRET needs ≥ 2 colours",IF(AND($CW19<>"",$CW19<>"No FRET",N($CX19)+N($CY19)+N($CZ19)=0),"⚠ FRET: set R","✔ OK")))))))) | DS19: =IF(OR($DO19="",$DO19="No FRET",N($DP19)<=0,N(IF($AI19="",63,$AI19))<=0),"",1/(1+($DP19/IF($AI19="",63,$AI19))^6)) | DT19: =IF(OR($DO19="",$DO19="No FRET",N($DQ19)<=0,N(IF($AJ19="",51,$AJ19))<=0),"",1/(1+($DQ19/IF($AJ19="",51,$AJ19))^6)) | DU19: =IF(OR($DO19="",$DO19="No FRET",N($DR19)<=0,N(IF($AK19="",68,$AK19))<=0),"",1/(1+($DR19/IF($AK19="",68,$AK19))^6)) | DV19: =IF(OR($A19="",N($DH19)<=0),"",IF(IF($I19="",5000,$I19)>0,$DH19/(IF($G19="",5000,$G19)*IF($H19="",5000,$H19)*IF($I19="",5000,$I19))/1E-024/6.022E+023/0.000000001,"")) | DW19: =IF(Calc!AE19=0,"",IF(Calc!AC19>=1,"✖ saturated (B ≥ freq.)",IF(Calc!AC19>0.1,"⚠ B > 10% of freq.",IF(Calc!AC19=0,"⚠ no brightness",IF(Calc!AD19>0.1,"⚠ step > 10% of wr",IF(OR(AND(N($DK19)>0,IF($O19="",1,$O19)<3),AND(N($DJ19)>0,IF($O19="",1,$O19)<2)),"⚠ uses a colour above Colours = "&IF($O19="",1,$O19)&" (ignored)",IF(AND($DO19<>"",$DO19<>"No FRET",N(IF($O19="",1,$O19))<2),"⚠ FRET needs ≥ 2 colours",IF(AND($DO19<>"",$DO19<>"No FRET",N($DP19)+N($DQ19)+N($DR19)=0),"⚠ FRET: set R","✔ OK")))))))) | EK19: =IF(OR($EG19="",$EG19="No FRET",N($EH19)<=0,N(IF($AI19="",63,$AI19))<=0),"",1/(1+($EH19/IF($AI19="",63,$AI19))^6)) | EL19: =IF(OR($EG19="",$EG19="No FRET",N($EI19)<=0,N(IF($AJ19="",51,$AJ19))<=0),"",1/(1+($EI19/IF($AJ19="",51,$AJ19))^6)) | EM19: =IF(OR($EG19="",$EG19="No FRET",N($EJ19)<=0,N(IF($AK19="",68,$AK19))<=0),"",1/(1+($EJ19/IF($AK19="",68,$AK19))^6)) | EN19: =IF(OR($A19="",N($DZ19)<=0),"",IF(IF($I19="",5000,$I19)>0,$DZ19/(IF($G19="",5000,$G19)*IF($H19="",5000,$H19)*IF($I19="",5000,$I19))/1E-024/6.022E+023/0.000000001,"")) | EO19: =IF(Calc!AK19=0,"",IF(Calc!AI19>=1,"✖ saturated (B ≥ freq.)",IF(Calc!AI19>0.1,"⚠ B > 10% of freq.",IF(Calc!AI19=0,"⚠ no brightness",IF(Calc!AJ19>0.1,"⚠ step > 10% of wr",IF(OR(AND(N($EC19)>0,IF($O19="",1,$O19)<3),AND(N($EB19)>0,IF($O19="",1,$O19)<2)),"⚠ uses a colour above Colours = "&IF($O19="",1,$O19)&" (ignored)",IF(AND($EG19<>"",$EG19<>"No FRET",N(IF($O19="",1,$O19))<2),"⚠ FRET needs ≥ 2 colours",IF(AND($EG19<>"",$EG19<>"No FRET",N($EH19)+N($EI19)+N($EJ19)=0),"⚠ FRET: set R","✔ OK")))))))) | EP19: =IF($A19="","",SUM(Calc!G19,Calc!M19,Calc!S19,Calc!Y19,Calc!AE19,Calc!AK19)) | EQ19: =IF($A19="","",N($AN19)+N($BF19)+N($BX19)+N($CP19)+N($DH19)+N($DZ19)) | ER19: =IF($A19="","",SUM(Calc!B19,Calc!H19,Calc!N19,Calc!T19,Calc!Z19,Calc!AF19)) | ES19: =IF($A19="","",SUM(Calc!C19,Calc!I19,Calc!O19,Calc!U19,Calc!AA19,Calc!AG19)) | ET19: =IF($A19="","",SUM(Calc!D19,Calc!J19,Calc!P19,Calc!V19,Calc!AB19,Calc!AH19)) | EU19: =IF($A19="","",($ER19+$ES19+$ET19+IF($P19="Yes",N($Q19)*N(IF($O19="",1,$O19)),0))*1000*IF($K19="",10,$K19)/1000000) | EV19: =IF($A19="","",$EU19*1000000*12/1000000000) | EW19: =IF($A19="","",IF($EP19=0,"⚠ no species entered",IF(((LEFT($BC19,1)="✖")+(LEFT($BU19,1)="✖")+(LEFT($CM19,1)="✖")+(LEFT($DE19,1)="✖")+(LEFT($DW19,1)="✖")+(LEFT($EO19,1)="✖"))>0,"✖ "&((LEFT($BC19,1)="✖")+(LEFT($BU19,1)="✖")+(LEFT($CM19,1)="✖")+(LEFT($DE19,1)="✖")+(LEFT($DW19,1)="✖")+(LEFT($EO19,1)="✖"))&" species saturated - see the species checks",IF(MIN(IF($G19="",5000,$G19),IF($H19="",5000,$H19))<8*MAX(IF($T19="",200,$T19),IF($U19="",200,$U19),IF($V19="",200,$V19)),"⚠ box too small laterally (< 8·wr)",IF(AND(IF($I19="",5000,$I19)>0,IF($I19="",5000,$I19)<3*MAX(IF($W19="",1000,$W19),IF($X19="",1000,$X19),IF($Y19="",1000,$Y19))),"⚠ box too small axially (< 3·wz)",IF($EV19>8,"⚠ > 8 GB per file: shorten the duration and use several files",IF(((LEFT($BC19,1)="⚠")+(LEFT($BU19,1)="⚠")+(LEFT($CM19,1)="⚠")+(LEFT($DE19,1)="⚠")+(LEFT($DW19,1)="⚠")+(LEFT($EO19,1)="⚠"))>0,"⚠ "&((LEFT($BC19,1)="⚠")+(LEFT($BU19,1)="⚠")+(LEFT($CM19,1)="⚠")+(LEFT($DE19,1)="⚠")+(LEFT($DW19,1)="⚠")+(LEFT($EO19,1)="⚠"))&" species with a warning","✔ OK")))))))
AY20: =IF(OR($AU20="",$AU20="No FRET",N($AV20)<=0,N(IF($AI20="",63,$AI20))<=0),"",1/(1+($AV20/IF($AI20="",63,$AI20))^6)) | AZ20: =IF(OR($AU20="",$AU20="No FRET",N($AW20)<=0,N(IF($AJ20="",51,$AJ20))<=0),"",1/(1+($AW20/IF($AJ20="",51,$AJ20))^6)) | BA20: =IF(OR($AU20="",$AU20="No FRET",N($AX20)<=0,N(IF($AK20="",68,$AK20))<=0),"",1/(1+($AX20/IF($AK20="",68,$AK20))^6)) | BB20: =IF(OR($A20="",N($AN20)<=0),"",IF(IF($I20="",5000,$I20)>0,$AN20/(IF($G20="",5000,$G20)*IF($H20="",5000,$H20)*IF($I20="",5000,$I20))/1E-024/6.022E+023/0.000000001,"")) | BC20: =IF(Calc!G20=0,"",IF(Calc!E20>=1,"✖ saturated (B ≥ freq.)",IF(Calc!E20>0.1,"⚠ B > 10% of freq.",IF(Calc!E20=0,"⚠ no brightness",IF(Calc!F20>0.1,"⚠ step > 10% of wr",IF(OR(AND(N($AQ20)>0,IF($O20="",1,$O20)<3),AND(N($AP20)>0,IF($O20="",1,$O20)<2)),"⚠ uses a colour above Colours = "&IF($O20="",1,$O20)&" (ignored)",IF(AND($AU20<>"",$AU20<>"No FRET",N(IF($O20="",1,$O20))<2),"⚠ FRET needs ≥ 2 colours",IF(AND($AU20<>"",$AU20<>"No FRET",N($AV20)+N($AW20)+N($AX20)=0),"⚠ FRET: set R","✔ OK")))))))) | BQ20: =IF(OR($BM20="",$BM20="No FRET",N($BN20)<=0,N(IF($AI20="",63,$AI20))<=0),"",1/(1+($BN20/IF($AI20="",63,$AI20))^6)) | BR20: =IF(OR($BM20="",$BM20="No FRET",N($BO20)<=0,N(IF($AJ20="",51,$AJ20))<=0),"",1/(1+($BO20/IF($AJ20="",51,$AJ20))^6)) | BS20: =IF(OR($BM20="",$BM20="No FRET",N($BP20)<=0,N(IF($AK20="",68,$AK20))<=0),"",1/(1+($BP20/IF($AK20="",68,$AK20))^6)) | BT20: =IF(OR($A20="",N($BF20)<=0),"",IF(IF($I20="",5000,$I20)>0,$BF20/(IF($G20="",5000,$G20)*IF($H20="",5000,$H20)*IF($I20="",5000,$I20))/1E-024/6.022E+023/0.000000001,"")) | BU20: =IF(Calc!M20=0,"",IF(Calc!K20>=1,"✖ saturated (B ≥ freq.)",IF(Calc!K20>0.1,"⚠ B > 10% of freq.",IF(Calc!K20=0,"⚠ no brightness",IF(Calc!L20>0.1,"⚠ step > 10% of wr",IF(OR(AND(N($BI20)>0,IF($O20="",1,$O20)<3),AND(N($BH20)>0,IF($O20="",1,$O20)<2)),"⚠ uses a colour above Colours = "&IF($O20="",1,$O20)&" (ignored)",IF(AND($BM20<>"",$BM20<>"No FRET",N(IF($O20="",1,$O20))<2),"⚠ FRET needs ≥ 2 colours",IF(AND($BM20<>"",$BM20<>"No FRET",N($BN20)+N($BO20)+N($BP20)=0),"⚠ FRET: set R","✔ OK")))))))) | CI20: =IF(OR($CE20="",$CE20="No FRET",N($CF20)<=0,N(IF($AI20="",63,$AI20))<=0),"",1/(1+($CF20/IF($AI20="",63,$AI20))^6)) | CJ20: =IF(OR($CE20="",$CE20="No FRET",N($CG20)<=0,N(IF($AJ20="",51,$AJ20))<=0),"",1/(1+($CG20/IF($AJ20="",51,$AJ20))^6)) | CK20: =IF(OR($CE20="",$CE20="No FRET",N($CH20)<=0,N(IF($AK20="",68,$AK20))<=0),"",1/(1+($CH20/IF($AK20="",68,$AK20))^6)) | CL20: =IF(OR($A20="",N($BX20)<=0),"",IF(IF($I20="",5000,$I20)>0,$BX20/(IF($G20="",5000,$G20)*IF($H20="",5000,$H20)*IF($I20="",5000,$I20))/1E-024/6.022E+023/0.000000001,"")) | CM20: =IF(Calc!S20=0,"",IF(Calc!Q20>=1,"✖ saturated (B ≥ freq.)",IF(Calc!Q20>0.1,"⚠ B > 10% of freq.",IF(Calc!Q20=0,"⚠ no brightness",IF(Calc!R20>0.1,"⚠ step > 10% of wr",IF(OR(AND(N($CA20)>0,IF($O20="",1,$O20)<3),AND(N($BZ20)>0,IF($O20="",1,$O20)<2)),"⚠ uses a colour above Colours = "&IF($O20="",1,$O20)&" (ignored)",IF(AND($CE20<>"",$CE20<>"No FRET",N(IF($O20="",1,$O20))<2),"⚠ FRET needs ≥ 2 colours",IF(AND($CE20<>"",$CE20<>"No FRET",N($CF20)+N($CG20)+N($CH20)=0),"⚠ FRET: set R","✔ OK")))))))) | DA20: =IF(OR($CW20="",$CW20="No FRET",N($CX20)<=0,N(IF($AI20="",63,$AI20))<=0),"",1/(1+($CX20/IF($AI20="",63,$AI20))^6)) | DB20: =IF(OR($CW20="",$CW20="No FRET",N($CY20)<=0,N(IF($AJ20="",51,$AJ20))<=0),"",1/(1+($CY20/IF($AJ20="",51,$AJ20))^6)) | DC20: =IF(OR($CW20="",$CW20="No FRET",N($CZ20)<=0,N(IF($AK20="",68,$AK20))<=0),"",1/(1+($CZ20/IF($AK20="",68,$AK20))^6)) | DD20: =IF(OR($A20="",N($CP20)<=0),"",IF(IF($I20="",5000,$I20)>0,$CP20/(IF($G20="",5000,$G20)*IF($H20="",5000,$H20)*IF($I20="",5000,$I20))/1E-024/6.022E+023/0.000000001,"")) | DE20: =IF(Calc!Y20=0,"",IF(Calc!W20>=1,"✖ saturated (B ≥ freq.)",IF(Calc!W20>0.1,"⚠ B > 10% of freq.",IF(Calc!W20=0,"⚠ no brightness",IF(Calc!X20>0.1,"⚠ step > 10% of wr",IF(OR(AND(N($CS20)>0,IF($O20="",1,$O20)<3),AND(N($CR20)>0,IF($O20="",1,$O20)<2)),"⚠ uses a colour above Colours = "&IF($O20="",1,$O20)&" (ignored)",IF(AND($CW20<>"",$CW20<>"No FRET",N(IF($O20="",1,$O20))<2),"⚠ FRET needs ≥ 2 colours",IF(AND($CW20<>"",$CW20<>"No FRET",N($CX20)+N($CY20)+N($CZ20)=0),"⚠ FRET: set R","✔ OK")))))))) | DS20: =IF(OR($DO20="",$DO20="No FRET",N($DP20)<=0,N(IF($AI20="",63,$AI20))<=0),"",1/(1+($DP20/IF($AI20="",63,$AI20))^6)) | DT20: =IF(OR($DO20="",$DO20="No FRET",N($DQ20)<=0,N(IF($AJ20="",51,$AJ20))<=0),"",1/(1+($DQ20/IF($AJ20="",51,$AJ20))^6)) | DU20: =IF(OR($DO20="",$DO20="No FRET",N($DR20)<=0,N(IF($AK20="",68,$AK20))<=0),"",1/(1+($DR20/IF($AK20="",68,$AK20))^6)) | DV20: =IF(OR($A20="",N($DH20)<=0),"",IF(IF($I20="",5000,$I20)>0,$DH20/(IF($G20="",5000,$G20)*IF($H20="",5000,$H20)*IF($I20="",5000,$I20))/1E-024/6.022E+023/0.000000001,"")) | DW20: =IF(Calc!AE20=0,"",IF(Calc!AC20>=1,"✖ saturated (B ≥ freq.)",IF(Calc!AC20>0.1,"⚠ B > 10% of freq.",IF(Calc!AC20=0,"⚠ no brightness",IF(Calc!AD20>0.1,"⚠ step > 10% of wr",IF(OR(AND(N($DK20)>0,IF($O20="",1,$O20)<3),AND(N($DJ20)>0,IF($O20="",1,$O20)<2)),"⚠ uses a colour above Colours = "&IF($O20="",1,$O20)&" (ignored)",IF(AND($DO20<>"",$DO20<>"No FRET",N(IF($O20="",1,$O20))<2),"⚠ FRET needs ≥ 2 colours",IF(AND($DO20<>"",$DO20<>"No FRET",N($DP20)+N($DQ20)+N($DR20)=0),"⚠ FRET: set R","✔ OK")))))))) | EK20: =IF(OR($EG20="",$EG20="No FRET",N($EH20)<=0,N(IF($AI20="",63,$AI20))<=0),"",1/(1+($EH20/IF($AI20="",63,$AI20))^6)) | EL20: =IF(OR($EG20="",$EG20="No FRET",N($EI20)<=0,N(IF($AJ20="",51,$AJ20))<=0),"",1/(1+($EI20/IF($AJ20="",51,$AJ20))^6)) | EM20: =IF(OR($EG20="",$EG20="No FRET",N($EJ20)<=0,N(IF($AK20="",68,$AK20))<=0),"",1/(1+($EJ20/IF($AK20="",68,$AK20))^6)) | EN20: =IF(OR($A20="",N($DZ20)<=0),"",IF(IF($I20="",5000,$I20)>0,$DZ20/(IF($G20="",5000,$G20)*IF($H20="",5000,$H20)*IF($I20="",5000,$I20))/1E-024/6.022E+023/0.000000001,"")) | EO20: =IF(Calc!AK20=0,"",IF(Calc!AI20>=1,"✖ saturated (B ≥ freq.)",IF(Calc!AI20>0.1,"⚠ B > 10% of freq.",IF(Calc!AI20=0,"⚠ no brightness",IF(Calc!AJ20>0.1,"⚠ step > 10% of wr",IF(OR(AND(N($EC20)>0,IF($O20="",1,$O20)<3),AND(N($EB20)>0,IF($O20="",1,$O20)<2)),"⚠ uses a colour above Colours = "&IF($O20="",1,$O20)&" (ignored)",IF(AND($EG20<>"",$EG20<>"No FRET",N(IF($O20="",1,$O20))<2),"⚠ FRET needs ≥ 2 colours",IF(AND($EG20<>"",$EG20<>"No FRET",N($EH20)+N($EI20)+N($EJ20)=0),"⚠ FRET: set R","✔ OK")))))))) | EP20: =IF($A20="","",SUM(Calc!G20,Calc!M20,Calc!S20,Calc!Y20,Calc!AE20,Calc!AK20)) | EQ20: =IF($A20="","",N($AN20)+N($BF20)+N($BX20)+N($CP20)+N($DH20)+N($DZ20)) | ER20: =IF($A20="","",SUM(Calc!B20,Calc!H20,Calc!N20,Calc!T20,Calc!Z20,Calc!AF20)) | ES20: =IF($A20="","",SUM(Calc!C20,Calc!I20,Calc!O20,Calc!U20,Calc!AA20,Calc!AG20)) | ET20: =IF($A20="","",SUM(Calc!D20,Calc!J20,Calc!P20,Calc!V20,Calc!AB20,Calc!AH20)) | EU20: =IF($A20="","",($ER20+$ES20+$ET20+IF($P20="Yes",N($Q20)*N(IF($O20="",1,$O20)),0))*1000*IF($K20="",10,$K20)/1000000) | EV20: =IF($A20="","",$EU20*1000000*12/1000000000) | EW20: =IF($A20="","",IF($EP20=0,"⚠ no species entered",IF(((LEFT($BC20,1)="✖")+(LEFT($BU20,1)="✖")+(LEFT($CM20,1)="✖")+(LEFT($DE20,1)="✖")+(LEFT($DW20,1)="✖")+(LEFT($EO20,1)="✖"))>0,"✖ "&((LEFT($BC20,1)="✖")+(LEFT($BU20,1)="✖")+(LEFT($CM20,1)="✖")+(LEFT($DE20,1)="✖")+(LEFT($DW20,1)="✖")+(LEFT($EO20,1)="✖"))&" species saturated - see the species checks",IF(MIN(IF($G20="",5000,$G20),IF($H20="",5000,$H20))<8*MAX(IF($T20="",200,$T20),IF($U20="",200,$U20),IF($V20="",200,$V20)),"⚠ box too small laterally (< 8·wr)",IF(AND(IF($I20="",5000,$I20)>0,IF($I20="",5000,$I20)<3*MAX(IF($W20="",1000,$W20),IF($X20="",1000,$X20),IF($Y20="",1000,$Y20))),"⚠ box too small axially (< 3·wz)",IF($EV20>8,"⚠ > 8 GB per file: shorten the duration and use several files",IF(((LEFT($BC20,1)="⚠")+(LEFT($BU20,1)="⚠")+(LEFT($CM20,1)="⚠")+(LEFT($DE20,1)="⚠")+(LEFT($DW20,1)="⚠")+(LEFT($EO20,1)="⚠"))>0,"⚠ "&((LEFT($BC20,1)="⚠")+(LEFT($BU20,1)="⚠")+(LEFT($CM20,1)="⚠")+(LEFT($DE20,1)="⚠")+(LEFT($DW20,1)="⚠")+(LEFT($EO20,1)="⚠"))&" species with a warning","✔ OK")))))))
AY21: =IF(OR($AU21="",$AU21="No FRET",N($AV21)<=0,N(IF($AI21="",63,$AI21))<=0),"",1/(1+($AV21/IF($AI21="",63,$AI21))^6)) | AZ21: =IF(OR($AU21="",$AU21="No FRET",N($AW21)<=0,N(IF($AJ21="",51,$AJ21))<=0),"",1/(1+($AW21/IF($AJ21="",51,$AJ21))^6)) | BA21: =IF(OR($AU21="",$AU21="No FRET",N($AX21)<=0,N(IF($AK21="",68,$AK21))<=0),"",1/(1+($AX21/IF($AK21="",68,$AK21))^6)) | BB21: =IF(OR($A21="",N($AN21)<=0),"",IF(IF($I21="",5000,$I21)>0,$AN21/(IF($G21="",5000,$G21)*IF($H21="",5000,$H21)*IF($I21="",5000,$I21))/1E-024/6.022E+023/0.000000001,"")) | BC21: =IF(Calc!G21=0,"",IF(Calc!E21>=1,"✖ saturated (B ≥ freq.)",IF(Calc!E21>0.1,"⚠ B > 10% of freq.",IF(Calc!E21=0,"⚠ no brightness",IF(Calc!F21>0.1,"⚠ step > 10% of wr",IF(OR(AND(N($AQ21)>0,IF($O21="",1,$O21)<3),AND(N($AP21)>0,IF($O21="",1,$O21)<2)),"⚠ uses a colour above Colours = "&IF($O21="",1,$O21)&" (ignored)",IF(AND($AU21<>"",$AU21<>"No FRET",N(IF($O21="",1,$O21))<2),"⚠ FRET needs ≥ 2 colours",IF(AND($AU21<>"",$AU21<>"No FRET",N($AV21)+N($AW21)+N($AX21)=0),"⚠ FRET: set R","✔ OK")))))))) | BQ21: =IF(OR($BM21="",$BM21="No FRET",N($BN21)<=0,N(IF($AI21="",63,$AI21))<=0),"",1/(1+($BN21/IF($AI21="",63,$AI21))^6)) | BR21: =IF(OR($BM21="",$BM21="No FRET",N($BO21)<=0,N(IF($AJ21="",51,$AJ21))<=0),"",1/(1+($BO21/IF($AJ21="",51,$AJ21))^6)) | BS21: =IF(OR($BM21="",$BM21="No FRET",N($BP21)<=0,N(IF($AK21="",68,$AK21))<=0),"",1/(1+($BP21/IF($AK21="",68,$AK21))^6)) | BT21: =IF(OR($A21="",N($BF21)<=0),"",IF(IF($I21="",5000,$I21)>0,$BF21/(IF($G21="",5000,$G21)*IF($H21="",5000,$H21)*IF($I21="",5000,$I21))/1E-024/6.022E+023/0.000000001,"")) | BU21: =IF(Calc!M21=0,"",IF(Calc!K21>=1,"✖ saturated (B ≥ freq.)",IF(Calc!K21>0.1,"⚠ B > 10% of freq.",IF(Calc!K21=0,"⚠ no brightness",IF(Calc!L21>0.1,"⚠ step > 10% of wr",IF(OR(AND(N($BI21)>0,IF($O21="",1,$O21)<3),AND(N($BH21)>0,IF($O21="",1,$O21)<2)),"⚠ uses a colour above Colours = "&IF($O21="",1,$O21)&" (ignored)",IF(AND($BM21<>"",$BM21<>"No FRET",N(IF($O21="",1,$O21))<2),"⚠ FRET needs ≥ 2 colours",IF(AND($BM21<>"",$BM21<>"No FRET",N($BN21)+N($BO21)+N($BP21)=0),"⚠ FRET: set R","✔ OK")))))))) | CI21: =IF(OR($CE21="",$CE21="No FRET",N($CF21)<=0,N(IF($AI21="",63,$AI21))<=0),"",1/(1+($CF21/IF($AI21="",63,$AI21))^6)) | CJ21: =IF(OR($CE21="",$CE21="No FRET",N($CG21)<=0,N(IF($AJ21="",51,$AJ21))<=0),"",1/(1+($CG21/IF($AJ21="",51,$AJ21))^6)) | CK21: =IF(OR($CE21="",$CE21="No FRET",N($CH21)<=0,N(IF($AK21="",68,$AK21))<=0),"",1/(1+($CH21/IF($AK21="",68,$AK21))^6)) | CL21: =IF(OR($A21="",N($BX21)<=0),"",IF(IF($I21="",5000,$I21)>0,$BX21/(IF($G21="",5000,$G21)*IF($H21="",5000,$H21)*IF($I21="",5000,$I21))/1E-024/6.022E+023/0.000000001,"")) | CM21: =IF(Calc!S21=0,"",IF(Calc!Q21>=1,"✖ saturated (B ≥ freq.)",IF(Calc!Q21>0.1,"⚠ B > 10% of freq.",IF(Calc!Q21=0,"⚠ no brightness",IF(Calc!R21>0.1,"⚠ step > 10% of wr",IF(OR(AND(N($CA21)>0,IF($O21="",1,$O21)<3),AND(N($BZ21)>0,IF($O21="",1,$O21)<2)),"⚠ uses a colour above Colours = "&IF($O21="",1,$O21)&" (ignored)",IF(AND($CE21<>"",$CE21<>"No FRET",N(IF($O21="",1,$O21))<2),"⚠ FRET needs ≥ 2 colours",IF(AND($CE21<>"",$CE21<>"No FRET",N($CF21)+N($CG21)+N($CH21)=0),"⚠ FRET: set R","✔ OK")))))))) | DA21: =IF(OR($CW21="",$CW21="No FRET",N($CX21)<=0,N(IF($AI21="",63,$AI21))<=0),"",1/(1+($CX21/IF($AI21="",63,$AI21))^6)) | DB21: =IF(OR($CW21="",$CW21="No FRET",N($CY21)<=0,N(IF($AJ21="",51,$AJ21))<=0),"",1/(1+($CY21/IF($AJ21="",51,$AJ21))^6)) | DC21: =IF(OR($CW21="",$CW21="No FRET",N($CZ21)<=0,N(IF($AK21="",68,$AK21))<=0),"",1/(1+($CZ21/IF($AK21="",68,$AK21))^6)) | DD21: =IF(OR($A21="",N($CP21)<=0),"",IF(IF($I21="",5000,$I21)>0,$CP21/(IF($G21="",5000,$G21)*IF($H21="",5000,$H21)*IF($I21="",5000,$I21))/1E-024/6.022E+023/0.000000001,"")) | DE21: =IF(Calc!Y21=0,"",IF(Calc!W21>=1,"✖ saturated (B ≥ freq.)",IF(Calc!W21>0.1,"⚠ B > 10% of freq.",IF(Calc!W21=0,"⚠ no brightness",IF(Calc!X21>0.1,"⚠ step > 10% of wr",IF(OR(AND(N($CS21)>0,IF($O21="",1,$O21)<3),AND(N($CR21)>0,IF($O21="",1,$O21)<2)),"⚠ uses a colour above Colours = "&IF($O21="",1,$O21)&" (ignored)",IF(AND($CW21<>"",$CW21<>"No FRET",N(IF($O21="",1,$O21))<2),"⚠ FRET needs ≥ 2 colours",IF(AND($CW21<>"",$CW21<>"No FRET",N($CX21)+N($CY21)+N($CZ21)=0),"⚠ FRET: set R","✔ OK")))))))) | DS21: =IF(OR($DO21="",$DO21="No FRET",N($DP21)<=0,N(IF($AI21="",63,$AI21))<=0),"",1/(1+($DP21/IF($AI21="",63,$AI21))^6)) | DT21: =IF(OR($DO21="",$DO21="No FRET",N($DQ21)<=0,N(IF($AJ21="",51,$AJ21))<=0),"",1/(1+($DQ21/IF($AJ21="",51,$AJ21))^6)) | DU21: =IF(OR($DO21="",$DO21="No FRET",N($DR21)<=0,N(IF($AK21="",68,$AK21))<=0),"",1/(1+($DR21/IF($AK21="",68,$AK21))^6)) | DV21: =IF(OR($A21="",N($DH21)<=0),"",IF(IF($I21="",5000,$I21)>0,$DH21/(IF($G21="",5000,$G21)*IF($H21="",5000,$H21)*IF($I21="",5000,$I21))/1E-024/6.022E+023/0.000000001,"")) | DW21: =IF(Calc!AE21=0,"",IF(Calc!AC21>=1,"✖ saturated (B ≥ freq.)",IF(Calc!AC21>0.1,"⚠ B > 10% of freq.",IF(Calc!AC21=0,"⚠ no brightness",IF(Calc!AD21>0.1,"⚠ step > 10% of wr",IF(OR(AND(N($DK21)>0,IF($O21="",1,$O21)<3),AND(N($DJ21)>0,IF($O21="",1,$O21)<2)),"⚠ uses a colour above Colours = "&IF($O21="",1,$O21)&" (ignored)",IF(AND($DO21<>"",$DO21<>"No FRET",N(IF($O21="",1,$O21))<2),"⚠ FRET needs ≥ 2 colours",IF(AND($DO21<>"",$DO21<>"No FRET",N($DP21)+N($DQ21)+N($DR21)=0),"⚠ FRET: set R","✔ OK")))))))) | EK21: =IF(OR($EG21="",$EG21="No FRET",N($EH21)<=0,N(IF($AI21="",63,$AI21))<=0),"",1/(1+($EH21/IF($AI21="",63,$AI21))^6)) | EL21: =IF(OR($EG21="",$EG21="No FRET",N($EI21)<=0,N(IF($AJ21="",51,$AJ21))<=0),"",1/(1+($EI21/IF($AJ21="",51,$AJ21))^6)) | EM21: =IF(OR($EG21="",$EG21="No FRET",N($EJ21)<=0,N(IF($AK21="",68,$AK21))<=0),"",1/(1+($EJ21/IF($AK21="",68,$AK21))^6)) | EN21: =IF(OR($A21="",N($DZ21)<=0),"",IF(IF($I21="",5000,$I21)>0,$DZ21/(IF($G21="",5000,$G21)*IF($H21="",5000,$H21)*IF($I21="",5000,$I21))/1E-024/6.022E+023/0.000000001,"")) | EO21: =IF(Calc!AK21=0,"",IF(Calc!AI21>=1,"✖ saturated (B ≥ freq.)",IF(Calc!AI21>0.1,"⚠ B > 10% of freq.",IF(Calc!AI21=0,"⚠ no brightness",IF(Calc!AJ21>0.1,"⚠ step > 10% of wr",IF(OR(AND(N($EC21)>0,IF($O21="",1,$O21)<3),AND(N($EB21)>0,IF($O21="",1,$O21)<2)),"⚠ uses a colour above Colours = "&IF($O21="",1,$O21)&" (ignored)",IF(AND($EG21<>"",$EG21<>"No FRET",N(IF($O21="",1,$O21))<2),"⚠ FRET needs ≥ 2 colours",IF(AND($EG21<>"",$EG21<>"No FRET",N($EH21)+N($EI21)+N($EJ21)=0),"⚠ FRET: set R","✔ OK")))))))) | EP21: =IF($A21="","",SUM(Calc!G21,Calc!M21,Calc!S21,Calc!Y21,Calc!AE21,Calc!AK21)) | EQ21: =IF($A21="","",N($AN21)+N($BF21)+N($BX21)+N($CP21)+N($DH21)+N($DZ21)) | ER21: =IF($A21="","",SUM(Calc!B21,Calc!H21,Calc!N21,Calc!T21,Calc!Z21,Calc!AF21)) | ES21: =IF($A21="","",SUM(Calc!C21,Calc!I21,Calc!O21,Calc!U21,Calc!AA21,Calc!AG21)) | ET21: =IF($A21="","",SUM(Calc!D21,Calc!J21,Calc!P21,Calc!V21,Calc!AB21,Calc!AH21)) | EU21: =IF($A21="","",($ER21+$ES21+$ET21+IF($P21="Yes",N($Q21)*N(IF($O21="",1,$O21)),0))*1000*IF($K21="",10,$K21)/1000000) | EV21: =IF($A21="","",$EU21*1000000*12/1000000000) | EW21: =IF($A21="","",IF($EP21=0,"⚠ no species entered",IF(((LEFT($BC21,1)="✖")+(LEFT($BU21,1)="✖")+(LEFT($CM21,1)="✖")+(LEFT($DE21,1)="✖")+(LEFT($DW21,1)="✖")+(LEFT($EO21,1)="✖"))>0,"✖ "&((LEFT($BC21,1)="✖")+(LEFT($BU21,1)="✖")+(LEFT($CM21,1)="✖")+(LEFT($DE21,1)="✖")+(LEFT($DW21,1)="✖")+(LEFT($EO21,1)="✖"))&" species saturated - see the species checks",IF(MIN(IF($G21="",5000,$G21),IF($H21="",5000,$H21))<8*MAX(IF($T21="",200,$T21),IF($U21="",200,$U21),IF($V21="",200,$V21)),"⚠ box too small laterally (< 8·wr)",IF(AND(IF($I21="",5000,$I21)>0,IF($I21="",5000,$I21)<3*MAX(IF($W21="",1000,$W21),IF($X21="",1000,$X21),IF($Y21="",1000,$Y21))),"⚠ box too small axially (< 3·wz)",IF($EV21>8,"⚠ > 8 GB per file: shorten the duration and use several files",IF(((LEFT($BC21,1)="⚠")+(LEFT($BU21,1)="⚠")+(LEFT($CM21,1)="⚠")+(LEFT($DE21,1)="⚠")+(LEFT($DW21,1)="⚠")+(LEFT($EO21,1)="⚠"))>0,"⚠ "&((LEFT($BC21,1)="⚠")+(LEFT($BU21,1)="⚠")+(LEFT($CM21,1)="⚠")+(LEFT($DE21,1)="⚠")+(LEFT($DW21,1)="⚠")+(LEFT($EO21,1)="⚠"))&" species with a warning","✔ OK")))))))
AY22: =IF(OR($AU22="",$AU22="No FRET",N($AV22)<=0,N(IF($AI22="",63,$AI22))<=0),"",1/(1+($AV22/IF($AI22="",63,$AI22))^6)) | AZ22: =IF(OR($AU22="",$AU22="No FRET",N($AW22)<=0,N(IF($AJ22="",51,$AJ22))<=0),"",1/(1+($AW22/IF($AJ22="",51,$AJ22))^6)) | BA22: =IF(OR($AU22="",$AU22="No FRET",N($AX22)<=0,N(IF($AK22="",68,$AK22))<=0),"",1/(1+($AX22/IF($AK22="",68,$AK22))^6)) | BB22: =IF(OR($A22="",N($AN22)<=0),"",IF(IF($I22="",5000,$I22)>0,$AN22/(IF($G22="",5000,$G22)*IF($H22="",5000,$H22)*IF($I22="",5000,$I22))/1E-024/6.022E+023/0.000000001,"")) | BC22: =IF(Calc!G22=0,"",IF(Calc!E22>=1,"✖ saturated (B ≥ freq.)",IF(Calc!E22>0.1,"⚠ B > 10% of freq.",IF(Calc!E22=0,"⚠ no brightness",IF(Calc!F22>0.1,"⚠ step > 10% of wr",IF(OR(AND(N($AQ22)>0,IF($O22="",1,$O22)<3),AND(N($AP22)>0,IF($O22="",1,$O22)<2)),"⚠ uses a colour above Colours = "&IF($O22="",1,$O22)&" (ignored)",IF(AND($AU22<>"",$AU22<>"No FRET",N(IF($O22="",1,$O22))<2),"⚠ FRET needs ≥ 2 colours",IF(AND($AU22<>"",$AU22<>"No FRET",N($AV22)+N($AW22)+N($AX22)=0),"⚠ FRET: set R","✔ OK")))))))) | BQ22: =IF(OR($BM22="",$BM22="No FRET",N($BN22)<=0,N(IF($AI22="",63,$AI22))<=0),"",1/(1+($BN22/IF($AI22="",63,$AI22))^6)) | BR22: =IF(OR($BM22="",$BM22="No FRET",N($BO22)<=0,N(IF($AJ22="",51,$AJ22))<=0),"",1/(1+($BO22/IF($AJ22="",51,$AJ22))^6)) | BS22: =IF(OR($BM22="",$BM22="No FRET",N($BP22)<=0,N(IF($AK22="",68,$AK22))<=0),"",1/(1+($BP22/IF($AK22="",68,$AK22))^6)) | BT22: =IF(OR($A22="",N($BF22)<=0),"",IF(IF($I22="",5000,$I22)>0,$BF22/(IF($G22="",5000,$G22)*IF($H22="",5000,$H22)*IF($I22="",5000,$I22))/1E-024/6.022E+023/0.000000001,"")) | BU22: =IF(Calc!M22=0,"",IF(Calc!K22>=1,"✖ saturated (B ≥ freq.)",IF(Calc!K22>0.1,"⚠ B > 10% of freq.",IF(Calc!K22=0,"⚠ no brightness",IF(Calc!L22>0.1,"⚠ step > 10% of wr",IF(OR(AND(N($BI22)>0,IF($O22="",1,$O22)<3),AND(N($BH22)>0,IF($O22="",1,$O22)<2)),"⚠ uses a colour above Colours = "&IF($O22="",1,$O22)&" (ignored)",IF(AND($BM22<>"",$BM22<>"No FRET",N(IF($O22="",1,$O22))<2),"⚠ FRET needs ≥ 2 colours",IF(AND($BM22<>"",$BM22<>"No FRET",N($BN22)+N($BO22)+N($BP22)=0),"⚠ FRET: set R","✔ OK")))))))) | CI22: =IF(OR($CE22="",$CE22="No FRET",N($CF22)<=0,N(IF($AI22="",63,$AI22))<=0),"",1/(1+($CF22/IF($AI22="",63,$AI22))^6)) | CJ22: =IF(OR($CE22="",$CE22="No FRET",N($CG22)<=0,N(IF($AJ22="",51,$AJ22))<=0),"",1/(1+($CG22/IF($AJ22="",51,$AJ22))^6)) | CK22: =IF(OR($CE22="",$CE22="No FRET",N($CH22)<=0,N(IF($AK22="",68,$AK22))<=0),"",1/(1+($CH22/IF($AK22="",68,$AK22))^6)) | CL22: =IF(OR($A22="",N($BX22)<=0),"",IF(IF($I22="",5000,$I22)>0,$BX22/(IF($G22="",5000,$G22)*IF($H22="",5000,$H22)*IF($I22="",5000,$I22))/1E-024/6.022E+023/0.000000001,"")) | CM22: =IF(Calc!S22=0,"",IF(Calc!Q22>=1,"✖ saturated (B ≥ freq.)",IF(Calc!Q22>0.1,"⚠ B > 10% of freq.",IF(Calc!Q22=0,"⚠ no brightness",IF(Calc!R22>0.1,"⚠ step > 10% of wr",IF(OR(AND(N($CA22)>0,IF($O22="",1,$O22)<3),AND(N($BZ22)>0,IF($O22="",1,$O22)<2)),"⚠ uses a colour above Colours = "&IF($O22="",1,$O22)&" (ignored)",IF(AND($CE22<>"",$CE22<>"No FRET",N(IF($O22="",1,$O22))<2),"⚠ FRET needs ≥ 2 colours",IF(AND($CE22<>"",$CE22<>"No FRET",N($CF22)+N($CG22)+N($CH22)=0),"⚠ FRET: set R","✔ OK")))))))) | DA22: =IF(OR($CW22="",$CW22="No FRET",N($CX22)<=0,N(IF($AI22="",63,$AI22))<=0),"",1/(1+($CX22/IF($AI22="",63,$AI22))^6)) | DB22: =IF(OR($CW22="",$CW22="No FRET",N($CY22)<=0,N(IF($AJ22="",51,$AJ22))<=0),"",1/(1+($CY22/IF($AJ22="",51,$AJ22))^6)) | DC22: =IF(OR($CW22="",$CW22="No FRET",N($CZ22)<=0,N(IF($AK22="",68,$AK22))<=0),"",1/(1+($CZ22/IF($AK22="",68,$AK22))^6)) | DD22: =IF(OR($A22="",N($CP22)<=0),"",IF(IF($I22="",5000,$I22)>0,$CP22/(IF($G22="",5000,$G22)*IF($H22="",5000,$H22)*IF($I22="",5000,$I22))/1E-024/6.022E+023/0.000000001,"")) | DE22: =IF(Calc!Y22=0,"",IF(Calc!W22>=1,"✖ saturated (B ≥ freq.)",IF(Calc!W22>0.1,"⚠ B > 10% of freq.",IF(Calc!W22=0,"⚠ no brightness",IF(Calc!X22>0.1,"⚠ step > 10% of wr",IF(OR(AND(N($CS22)>0,IF($O22="",1,$O22)<3),AND(N($CR22)>0,IF($O22="",1,$O22)<2)),"⚠ uses a colour above Colours = "&IF($O22="",1,$O22)&" (ignored)",IF(AND($CW22<>"",$CW22<>"No FRET",N(IF($O22="",1,$O22))<2),"⚠ FRET needs ≥ 2 colours",IF(AND($CW22<>"",$CW22<>"No FRET",N($CX22)+N($CY22)+N($CZ22)=0),"⚠ FRET: set R","✔ OK")))))))) | DS22: =IF(OR($DO22="",$DO22="No FRET",N($DP22)<=0,N(IF($AI22="",63,$AI22))<=0),"",1/(1+($DP22/IF($AI22="",63,$AI22))^6)) | DT22: =IF(OR($DO22="",$DO22="No FRET",N($DQ22)<=0,N(IF($AJ22="",51,$AJ22))<=0),"",1/(1+($DQ22/IF($AJ22="",51,$AJ22))^6)) | DU22: =IF(OR($DO22="",$DO22="No FRET",N($DR22)<=0,N(IF($AK22="",68,$AK22))<=0),"",1/(1+($DR22/IF($AK22="",68,$AK22))^6)) | DV22: =IF(OR($A22="",N($DH22)<=0),"",IF(IF($I22="",5000,$I22)>0,$DH22/(IF($G22="",5000,$G22)*IF($H22="",5000,$H22)*IF($I22="",5000,$I22))/1E-024/6.022E+023/0.000000001,"")) | DW22: =IF(Calc!AE22=0,"",IF(Calc!AC22>=1,"✖ saturated (B ≥ freq.)",IF(Calc!AC22>0.1,"⚠ B > 10% of freq.",IF(Calc!AC22=0,"⚠ no brightness",IF(Calc!AD22>0.1,"⚠ step > 10% of wr",IF(OR(AND(N($DK22)>0,IF($O22="",1,$O22)<3),AND(N($DJ22)>0,IF($O22="",1,$O22)<2)),"⚠ uses a colour above Colours = "&IF($O22="",1,$O22)&" (ignored)",IF(AND($DO22<>"",$DO22<>"No FRET",N(IF($O22="",1,$O22))<2),"⚠ FRET needs ≥ 2 colours",IF(AND($DO22<>"",$DO22<>"No FRET",N($DP22)+N($DQ22)+N($DR22)=0),"⚠ FRET: set R","✔ OK")))))))) | EK22: =IF(OR($EG22="",$EG22="No FRET",N($EH22)<=0,N(IF($AI22="",63,$AI22))<=0),"",1/(1+($EH22/IF($AI22="",63,$AI22))^6)) | EL22: =IF(OR($EG22="",$EG22="No FRET",N($EI22)<=0,N(IF($AJ22="",51,$AJ22))<=0),"",1/(1+($EI22/IF($AJ22="",51,$AJ22))^6)) | EM22: =IF(OR($EG22="",$EG22="No FRET",N($EJ22)<=0,N(IF($AK22="",68,$AK22))<=0),"",1/(1+($EJ22/IF($AK22="",68,$AK22))^6)) | EN22: =IF(OR($A22="",N($DZ22)<=0),"",IF(IF($I22="",5000,$I22)>0,$DZ22/(IF($G22="",5000,$G22)*IF($H22="",5000,$H22)*IF($I22="",5000,$I22))/1E-024/6.022E+023/0.000000001,"")) | EO22: =IF(Calc!AK22=0,"",IF(Calc!AI22>=1,"✖ saturated (B ≥ freq.)",IF(Calc!AI22>0.1,"⚠ B > 10% of freq.",IF(Calc!AI22=0,"⚠ no brightness",IF(Calc!AJ22>0.1,"⚠ step > 10% of wr",IF(OR(AND(N($EC22)>0,IF($O22="",1,$O22)<3),AND(N($EB22)>0,IF($O22="",1,$O22)<2)),"⚠ uses a colour above Colours = "&IF($O22="",1,$O22)&" (ignored)",IF(AND($EG22<>"",$EG22<>"No FRET",N(IF($O22="",1,$O22))<2),"⚠ FRET needs ≥ 2 colours",IF(AND($EG22<>"",$EG22<>"No FRET",N($EH22)+N($EI22)+N($EJ22)=0),"⚠ FRET: set R","✔ OK")))))))) | EP22: =IF($A22="","",SUM(Calc!G22,Calc!M22,Calc!S22,Calc!Y22,Calc!AE22,Calc!AK22)) | EQ22: =IF($A22="","",N($AN22)+N($BF22)+N($BX22)+N($CP22)+N($DH22)+N($DZ22)) | ER22: =IF($A22="","",SUM(Calc!B22,Calc!H22,Calc!N22,Calc!T22,Calc!Z22,Calc!AF22)) | ES22: =IF($A22="","",SUM(Calc!C22,Calc!I22,Calc!O22,Calc!U22,Calc!AA22,Calc!AG22)) | ET22: =IF($A22="","",SUM(Calc!D22,Calc!J22,Calc!P22,Calc!V22,Calc!AB22,Calc!AH22)) | EU22: =IF($A22="","",($ER22+$ES22+$ET22+IF($P22="Yes",N($Q22)*N(IF($O22="",1,$O22)),0))*1000*IF($K22="",10,$K22)/1000000) | EV22: =IF($A22="","",$EU22*1000000*12/1000000000) | EW22: =IF($A22="","",IF($EP22=0,"⚠ no species entered",IF(((LEFT($BC22,1)="✖")+(LEFT($BU22,1)="✖")+(LEFT($CM22,1)="✖")+(LEFT($DE22,1)="✖")+(LEFT($DW22,1)="✖")+(LEFT($EO22,1)="✖"))>0,"✖ "&((LEFT($BC22,1)="✖")+(LEFT($BU22,1)="✖")+(LEFT($CM22,1)="✖")+(LEFT($DE22,1)="✖")+(LEFT($DW22,1)="✖")+(LEFT($EO22,1)="✖"))&" species saturated - see the species checks",IF(MIN(IF($G22="",5000,$G22),IF($H22="",5000,$H22))<8*MAX(IF($T22="",200,$T22),IF($U22="",200,$U22),IF($V22="",200,$V22)),"⚠ box too small laterally (< 8·wr)",IF(AND(IF($I22="",5000,$I22)>0,IF($I22="",5000,$I22)<3*MAX(IF($W22="",1000,$W22),IF($X22="",1000,$X22),IF($Y22="",1000,$Y22))),"⚠ box too small axially (< 3·wz)",IF($EV22>8,"⚠ > 8 GB per file: shorten the duration and use several files",IF(((LEFT($BC22,1)="⚠")+(LEFT($BU22,1)="⚠")+(LEFT($CM22,1)="⚠")+(LEFT($DE22,1)="⚠")+(LEFT($DW22,1)="⚠")+(LEFT($EO22,1)="⚠"))>0,"⚠ "&((LEFT($BC22,1)="⚠")+(LEFT($BU22,1)="⚠")+(LEFT($CM22,1)="⚠")+(LEFT($DE22,1)="⚠")+(LEFT($DW22,1)="⚠")+(LEFT($EO22,1)="⚠"))&" species with a warning","✔ OK")))))))
AY23: =IF(OR($AU23="",$AU23="No FRET",N($AV23)<=0,N(IF($AI23="",63,$AI23))<=0),"",1/(1+($AV23/IF($AI23="",63,$AI23))^6)) | AZ23: =IF(OR($AU23="",$AU23="No FRET",N($AW23)<=0,N(IF($AJ23="",51,$AJ23))<=0),"",1/(1+($AW23/IF($AJ23="",51,$AJ23))^6)) | BA23: =IF(OR($AU23="",$AU23="No FRET",N($AX23)<=0,N(IF($AK23="",68,$AK23))<=0),"",1/(1+($AX23/IF($AK23="",68,$AK23))^6)) | BB23: =IF(OR($A23="",N($AN23)<=0),"",IF(IF($I23="",5000,$I23)>0,$AN23/(IF($G23="",5000,$G23)*IF($H23="",5000,$H23)*IF($I23="",5000,$I23))/1E-024/6.022E+023/0.000000001,"")) | BC23: =IF(Calc!G23=0,"",IF(Calc!E23>=1,"✖ saturated (B ≥ freq.)",IF(Calc!E23>0.1,"⚠ B > 10% of freq.",IF(Calc!E23=0,"⚠ no brightness",IF(Calc!F23>0.1,"⚠ step > 10% of wr",IF(OR(AND(N($AQ23)>0,IF($O23="",1,$O23)<3),AND(N($AP23)>0,IF($O23="",1,$O23)<2)),"⚠ uses a colour above Colours = "&IF($O23="",1,$O23)&" (ignored)",IF(AND($AU23<>"",$AU23<>"No FRET",N(IF($O23="",1,$O23))<2),"⚠ FRET needs ≥ 2 colours",IF(AND($AU23<>"",$AU23<>"No FRET",N($AV23)+N($AW23)+N($AX23)=0),"⚠ FRET: set R","✔ OK")))))))) | BQ23: =IF(OR($BM23="",$BM23="No FRET",N($BN23)<=0,N(IF($AI23="",63,$AI23))<=0),"",1/(1+($BN23/IF($AI23="",63,$AI23))^6)) | BR23: =IF(OR($BM23="",$BM23="No FRET",N($BO23)<=0,N(IF($AJ23="",51,$AJ23))<=0),"",1/(1+($BO23/IF($AJ23="",51,$AJ23))^6)) | BS23: =IF(OR($BM23="",$BM23="No FRET",N($BP23)<=0,N(IF($AK23="",68,$AK23))<=0),"",1/(1+($BP23/IF($AK23="",68,$AK23))^6)) | BT23: =IF(OR($A23="",N($BF23)<=0),"",IF(IF($I23="",5000,$I23)>0,$BF23/(IF($G23="",5000,$G23)*IF($H23="",5000,$H23)*IF($I23="",5000,$I23))/1E-024/6.022E+023/0.000000001,"")) | BU23: =IF(Calc!M23=0,"",IF(Calc!K23>=1,"✖ saturated (B ≥ freq.)",IF(Calc!K23>0.1,"⚠ B > 10% of freq.",IF(Calc!K23=0,"⚠ no brightness",IF(Calc!L23>0.1,"⚠ step > 10% of wr",IF(OR(AND(N($BI23)>0,IF($O23="",1,$O23)<3),AND(N($BH23)>0,IF($O23="",1,$O23)<2)),"⚠ uses a colour above Colours = "&IF($O23="",1,$O23)&" (ignored)",IF(AND($BM23<>"",$BM23<>"No FRET",N(IF($O23="",1,$O23))<2),"⚠ FRET needs ≥ 2 colours",IF(AND($BM23<>"",$BM23<>"No FRET",N($BN23)+N($BO23)+N($BP23)=0),"⚠ FRET: set R","✔ OK")))))))) | CI23: =IF(OR($CE23="",$CE23="No FRET",N($CF23)<=0,N(IF($AI23="",63,$AI23))<=0),"",1/(1+($CF23/IF($AI23="",63,$AI23))^6)) | CJ23: =IF(OR($CE23="",$CE23="No FRET",N($CG23)<=0,N(IF($AJ23="",51,$AJ23))<=0),"",1/(1+($CG23/IF($AJ23="",51,$AJ23))^6)) | CK23: =IF(OR($CE23="",$CE23="No FRET",N($CH23)<=0,N(IF($AK23="",68,$AK23))<=0),"",1/(1+($CH23/IF($AK23="",68,$AK23))^6)) | CL23: =IF(OR($A23="",N($BX23)<=0),"",IF(IF($I23="",5000,$I23)>0,$BX23/(IF($G23="",5000,$G23)*IF($H23="",5000,$H23)*IF($I23="",5000,$I23))/1E-024/6.022E+023/0.000000001,"")) | CM23: =IF(Calc!S23=0,"",IF(Calc!Q23>=1,"✖ saturated (B ≥ freq.)",IF(Calc!Q23>0.1,"⚠ B > 10% of freq.",IF(Calc!Q23=0,"⚠ no brightness",IF(Calc!R23>0.1,"⚠ step > 10% of wr",IF(OR(AND(N($CA23)>0,IF($O23="",1,$O23)<3),AND(N($BZ23)>0,IF($O23="",1,$O23)<2)),"⚠ uses a colour above Colours = "&IF($O23="",1,$O23)&" (ignored)",IF(AND($CE23<>"",$CE23<>"No FRET",N(IF($O23="",1,$O23))<2),"⚠ FRET needs ≥ 2 colours",IF(AND($CE23<>"",$CE23<>"No FRET",N($CF23)+N($CG23)+N($CH23)=0),"⚠ FRET: set R","✔ OK")))))))) | DA23: =IF(OR($CW23="",$CW23="No FRET",N($CX23)<=0,N(IF($AI23="",63,$AI23))<=0),"",1/(1+($CX23/IF($AI23="",63,$AI23))^6)) | DB23: =IF(OR($CW23="",$CW23="No FRET",N($CY23)<=0,N(IF($AJ23="",51,$AJ23))<=0),"",1/(1+($CY23/IF($AJ23="",51,$AJ23))^6)) | DC23: =IF(OR($CW23="",$CW23="No FRET",N($CZ23)<=0,N(IF($AK23="",68,$AK23))<=0),"",1/(1+($CZ23/IF($AK23="",68,$AK23))^6)) | DD23: =IF(OR($A23="",N($CP23)<=0),"",IF(IF($I23="",5000,$I23)>0,$CP23/(IF($G23="",5000,$G23)*IF($H23="",5000,$H23)*IF($I23="",5000,$I23))/1E-024/6.022E+023/0.000000001,"")) | DE23: =IF(Calc!Y23=0,"",IF(Calc!W23>=1,"✖ saturated (B ≥ freq.)",IF(Calc!W23>0.1,"⚠ B > 10% of freq.",IF(Calc!W23=0,"⚠ no brightness",IF(Calc!X23>0.1,"⚠ step > 10% of wr",IF(OR(AND(N($CS23)>0,IF($O23="",1,$O23)<3),AND(N($CR23)>0,IF($O23="",1,$O23)<2)),"⚠ uses a colour above Colours = "&IF($O23="",1,$O23)&" (ignored)",IF(AND($CW23<>"",$CW23<>"No FRET",N(IF($O23="",1,$O23))<2),"⚠ FRET needs ≥ 2 colours",IF(AND($CW23<>"",$CW23<>"No FRET",N($CX23)+N($CY23)+N($CZ23)=0),"⚠ FRET: set R","✔ OK")))))))) | DS23: =IF(OR($DO23="",$DO23="No FRET",N($DP23)<=0,N(IF($AI23="",63,$AI23))<=0),"",1/(1+($DP23/IF($AI23="",63,$AI23))^6)) | DT23: =IF(OR($DO23="",$DO23="No FRET",N($DQ23)<=0,N(IF($AJ23="",51,$AJ23))<=0),"",1/(1+($DQ23/IF($AJ23="",51,$AJ23))^6)) | DU23: =IF(OR($DO23="",$DO23="No FRET",N($DR23)<=0,N(IF($AK23="",68,$AK23))<=0),"",1/(1+($DR23/IF($AK23="",68,$AK23))^6)) | DV23: =IF(OR($A23="",N($DH23)<=0),"",IF(IF($I23="",5000,$I23)>0,$DH23/(IF($G23="",5000,$G23)*IF($H23="",5000,$H23)*IF($I23="",5000,$I23))/1E-024/6.022E+023/0.000000001,"")) | DW23: =IF(Calc!AE23=0,"",IF(Calc!AC23>=1,"✖ saturated (B ≥ freq.)",IF(Calc!AC23>0.1,"⚠ B > 10% of freq.",IF(Calc!AC23=0,"⚠ no brightness",IF(Calc!AD23>0.1,"⚠ step > 10% of wr",IF(OR(AND(N($DK23)>0,IF($O23="",1,$O23)<3),AND(N($DJ23)>0,IF($O23="",1,$O23)<2)),"⚠ uses a colour above Colours = "&IF($O23="",1,$O23)&" (ignored)",IF(AND($DO23<>"",$DO23<>"No FRET",N(IF($O23="",1,$O23))<2),"⚠ FRET needs ≥ 2 colours",IF(AND($DO23<>"",$DO23<>"No FRET",N($DP23)+N($DQ23)+N($DR23)=0),"⚠ FRET: set R","✔ OK")))))))) | EK23: =IF(OR($EG23="",$EG23="No FRET",N($EH23)<=0,N(IF($AI23="",63,$AI23))<=0),"",1/(1+($EH23/IF($AI23="",63,$AI23))^6)) | EL23: =IF(OR($EG23="",$EG23="No FRET",N($EI23)<=0,N(IF($AJ23="",51,$AJ23))<=0),"",1/(1+($EI23/IF($AJ23="",51,$AJ23))^6)) | EM23: =IF(OR($EG23="",$EG23="No FRET",N($EJ23)<=0,N(IF($AK23="",68,$AK23))<=0),"",1/(1+($EJ23/IF($AK23="",68,$AK23))^6)) | EN23: =IF(OR($A23="",N($DZ23)<=0),"",IF(IF($I23="",5000,$I23)>0,$DZ23/(IF($G23="",5000,$G23)*IF($H23="",5000,$H23)*IF($I23="",5000,$I23))/1E-024/6.022E+023/0.000000001,"")) | EO23: =IF(Calc!AK23=0,"",IF(Calc!AI23>=1,"✖ saturated (B ≥ freq.)",IF(Calc!AI23>0.1,"⚠ B > 10% of freq.",IF(Calc!AI23=0,"⚠ no brightness",IF(Calc!AJ23>0.1,"⚠ step > 10% of wr",IF(OR(AND(N($EC23)>0,IF($O23="",1,$O23)<3),AND(N($EB23)>0,IF($O23="",1,$O23)<2)),"⚠ uses a colour above Colours = "&IF($O23="",1,$O23)&" (ignored)",IF(AND($EG23<>"",$EG23<>"No FRET",N(IF($O23="",1,$O23))<2),"⚠ FRET needs ≥ 2 colours",IF(AND($EG23<>"",$EG23<>"No FRET",N($EH23)+N($EI23)+N($EJ23)=0),"⚠ FRET: set R","✔ OK")))))))) | EP23: =IF($A23="","",SUM(Calc!G23,Calc!M23,Calc!S23,Calc!Y23,Calc!AE23,Calc!AK23)) | EQ23: =IF($A23="","",N($AN23)+N($BF23)+N($BX23)+N($CP23)+N($DH23)+N($DZ23)) | ER23: =IF($A23="","",SUM(Calc!B23,Calc!H23,Calc!N23,Calc!T23,Calc!Z23,Calc!AF23)) | ES23: =IF($A23="","",SUM(Calc!C23,Calc!I23,Calc!O23,Calc!U23,Calc!AA23,Calc!AG23)) | ET23: =IF($A23="","",SUM(Calc!D23,Calc!J23,Calc!P23,Calc!V23,Calc!AB23,Calc!AH23)) | EU23: =IF($A23="","",($ER23+$ES23+$ET23+IF($P23="Yes",N($Q23)*N(IF($O23="",1,$O23)),0))*1000*IF($K23="",10,$K23)/1000000) | EV23: =IF($A23="","",$EU23*1000000*12/1000000000) | EW23: =IF($A23="","",IF($EP23=0,"⚠ no species entered",IF(((LEFT($BC23,1)="✖")+(LEFT($BU23,1)="✖")+(LEFT($CM23,1)="✖")+(LEFT($DE23,1)="✖")+(LEFT($DW23,1)="✖")+(LEFT($EO23,1)="✖"))>0,"✖ "&((LEFT($BC23,1)="✖")+(LEFT($BU23,1)="✖")+(LEFT($CM23,1)="✖")+(LEFT($DE23,1)="✖")+(LEFT($DW23,1)="✖")+(LEFT($EO23,1)="✖"))&" species saturated - see the species checks",IF(MIN(IF($G23="",5000,$G23),IF($H23="",5000,$H23))<8*MAX(IF($T23="",200,$T23),IF($U23="",200,$U23),IF($V23="",200,$V23)),"⚠ box too small laterally (< 8·wr)",IF(AND(IF($I23="",5000,$I23)>0,IF($I23="",5000,$I23)<3*MAX(IF($W23="",1000,$W23),IF($X23="",1000,$X23),IF($Y23="",1000,$Y23))),"⚠ box too small axially (< 3·wz)",IF($EV23>8,"⚠ > 8 GB per file: shorten the duration and use several files",IF(((LEFT($BC23,1)="⚠")+(LEFT($BU23,1)="⚠")+(LEFT($CM23,1)="⚠")+(LEFT($DE23,1)="⚠")+(LEFT($DW23,1)="⚠")+(LEFT($EO23,1)="⚠"))>0,"⚠ "&((LEFT($BC23,1)="⚠")+(LEFT($BU23,1)="⚠")+(LEFT($CM23,1)="⚠")+(LEFT($DE23,1)="⚠")+(LEFT($DW23,1)="⚠")+(LEFT($EO23,1)="⚠"))&" species with a warning","✔ OK")))))))
AY24: =IF(OR($AU24="",$AU24="No FRET",N($AV24)<=0,N(IF($AI24="",63,$AI24))<=0),"",1/(1+($AV24/IF($AI24="",63,$AI24))^6)) | AZ24: =IF(OR($AU24="",$AU24="No FRET",N($AW24)<=0,N(IF($AJ24="",51,$AJ24))<=0),"",1/(1+($AW24/IF($AJ24="",51,$AJ24))^6)) | BA24: =IF(OR($AU24="",$AU24="No FRET",N($AX24)<=0,N(IF($AK24="",68,$AK24))<=0),"",1/(1+($AX24/IF($AK24="",68,$AK24))^6)) | BB24: =IF(OR($A24="",N($AN24)<=0),"",IF(IF($I24="",5000,$I24)>0,$AN24/(IF($G24="",5000,$G24)*IF($H24="",5000,$H24)*IF($I24="",5000,$I24))/1E-024/6.022E+023/0.000000001,"")) | BC24: =IF(Calc!G24=0,"",IF(Calc!E24>=1,"✖ saturated (B ≥ freq.)",IF(Calc!E24>0.1,"⚠ B > 10% of freq.",IF(Calc!E24=0,"⚠ no brightness",IF(Calc!F24>0.1,"⚠ step > 10% of wr",IF(OR(AND(N($AQ24)>0,IF($O24="",1,$O24)<3),AND(N($AP24)>0,IF($O24="",1,$O24)<2)),"⚠ uses a colour above Colours = "&IF($O24="",1,$O24)&" (ignored)",IF(AND($AU24<>"",$AU24<>"No FRET",N(IF($O24="",1,$O24))<2),"⚠ FRET needs ≥ 2 colours",IF(AND($AU24<>"",$AU24<>"No FRET",N($AV24)+N($AW24)+N($AX24)=0),"⚠ FRET: set R","✔ OK")))))))) | BQ24: =IF(OR($BM24="",$BM24="No FRET",N($BN24)<=0,N(IF($AI24="",63,$AI24))<=0),"",1/(1+($BN24/IF($AI24="",63,$AI24))^6)) | BR24: =IF(OR($BM24="",$BM24="No FRET",N($BO24)<=0,N(IF($AJ24="",51,$AJ24))<=0),"",1/(1+($BO24/IF($AJ24="",51,$AJ24))^6)) | BS24: =IF(OR($BM24="",$BM24="No FRET",N($BP24)<=0,N(IF($AK24="",68,$AK24))<=0),"",1/(1+($BP24/IF($AK24="",68,$AK24))^6)) | BT24: =IF(OR($A24="",N($BF24)<=0),"",IF(IF($I24="",5000,$I24)>0,$BF24/(IF($G24="",5000,$G24)*IF($H24="",5000,$H24)*IF($I24="",5000,$I24))/1E-024/6.022E+023/0.000000001,"")) | BU24: =IF(Calc!M24=0,"",IF(Calc!K24>=1,"✖ saturated (B ≥ freq.)",IF(Calc!K24>0.1,"⚠ B > 10% of freq.",IF(Calc!K24=0,"⚠ no brightness",IF(Calc!L24>0.1,"⚠ step > 10% of wr",IF(OR(AND(N($BI24)>0,IF($O24="",1,$O24)<3),AND(N($BH24)>0,IF($O24="",1,$O24)<2)),"⚠ uses a colour above Colours = "&IF($O24="",1,$O24)&" (ignored)",IF(AND($BM24<>"",$BM24<>"No FRET",N(IF($O24="",1,$O24))<2),"⚠ FRET needs ≥ 2 colours",IF(AND($BM24<>"",$BM24<>"No FRET",N($BN24)+N($BO24)+N($BP24)=0),"⚠ FRET: set R","✔ OK")))))))) | CI24: =IF(OR($CE24="",$CE24="No FRET",N($CF24)<=0,N(IF($AI24="",63,$AI24))<=0),"",1/(1+($CF24/IF($AI24="",63,$AI24))^6)) | CJ24: =IF(OR($CE24="",$CE24="No FRET",N($CG24)<=0,N(IF($AJ24="",51,$AJ24))<=0),"",1/(1+($CG24/IF($AJ24="",51,$AJ24))^6)) | CK24: =IF(OR($CE24="",$CE24="No FRET",N($CH24)<=0,N(IF($AK24="",68,$AK24))<=0),"",1/(1+($CH24/IF($AK24="",68,$AK24))^6)) | CL24: =IF(OR($A24="",N($BX24)<=0),"",IF(IF($I24="",5000,$I24)>0,$BX24/(IF($G24="",5000,$G24)*IF($H24="",5000,$H24)*IF($I24="",5000,$I24))/1E-024/6.022E+023/0.000000001,"")) | CM24: =IF(Calc!S24=0,"",IF(Calc!Q24>=1,"✖ saturated (B ≥ freq.)",IF(Calc!Q24>0.1,"⚠ B > 10% of freq.",IF(Calc!Q24=0,"⚠ no brightness",IF(Calc!R24>0.1,"⚠ step > 10% of wr",IF(OR(AND(N($CA24)>0,IF($O24="",1,$O24)<3),AND(N($BZ24)>0,IF($O24="",1,$O24)<2)),"⚠ uses a colour above Colours = "&IF($O24="",1,$O24)&" (ignored)",IF(AND($CE24<>"",$CE24<>"No FRET",N(IF($O24="",1,$O24))<2),"⚠ FRET needs ≥ 2 colours",IF(AND($CE24<>"",$CE24<>"No FRET",N($CF24)+N($CG24)+N($CH24)=0),"⚠ FRET: set R","✔ OK")))))))) | DA24: =IF(OR($CW24="",$CW24="No FRET",N($CX24)<=0,N(IF($AI24="",63,$AI24))<=0),"",1/(1+($CX24/IF($AI24="",63,$AI24))^6)) | DB24: =IF(OR($CW24="",$CW24="No FRET",N($CY24)<=0,N(IF($AJ24="",51,$AJ24))<=0),"",1/(1+($CY24/IF($AJ24="",51,$AJ24))^6)) | DC24: =IF(OR($CW24="",$CW24="No FRET",N($CZ24)<=0,N(IF($AK24="",68,$AK24))<=0),"",1/(1+($CZ24/IF($AK24="",68,$AK24))^6)) | DD24: =IF(OR($A24="",N($CP24)<=0),"",IF(IF($I24="",5000,$I24)>0,$CP24/(IF($G24="",5000,$G24)*IF($H24="",5000,$H24)*IF($I24="",5000,$I24))/1E-024/6.022E+023/0.000000001,"")) | DE24: =IF(Calc!Y24=0,"",IF(Calc!W24>=1,"✖ saturated (B ≥ freq.)",IF(Calc!W24>0.1,"⚠ B > 10% of freq.",IF(Calc!W24=0,"⚠ no brightness",IF(Calc!X24>0.1,"⚠ step > 10% of wr",IF(OR(AND(N($CS24)>0,IF($O24="",1,$O24)<3),AND(N($CR24)>0,IF($O24="",1,$O24)<2)),"⚠ uses a colour above Colours = "&IF($O24="",1,$O24)&" (ignored)",IF(AND($CW24<>"",$CW24<>"No FRET",N(IF($O24="",1,$O24))<2),"⚠ FRET needs ≥ 2 colours",IF(AND($CW24<>"",$CW24<>"No FRET",N($CX24)+N($CY24)+N($CZ24)=0),"⚠ FRET: set R","✔ OK")))))))) | DS24: =IF(OR($DO24="",$DO24="No FRET",N($DP24)<=0,N(IF($AI24="",63,$AI24))<=0),"",1/(1+($DP24/IF($AI24="",63,$AI24))^6)) | DT24: =IF(OR($DO24="",$DO24="No FRET",N($DQ24)<=0,N(IF($AJ24="",51,$AJ24))<=0),"",1/(1+($DQ24/IF($AJ24="",51,$AJ24))^6)) | DU24: =IF(OR($DO24="",$DO24="No FRET",N($DR24)<=0,N(IF($AK24="",68,$AK24))<=0),"",1/(1+($DR24/IF($AK24="",68,$AK24))^6)) | DV24: =IF(OR($A24="",N($DH24)<=0),"",IF(IF($I24="",5000,$I24)>0,$DH24/(IF($G24="",5000,$G24)*IF($H24="",5000,$H24)*IF($I24="",5000,$I24))/1E-024/6.022E+023/0.000000001,"")) | DW24: =IF(Calc!AE24=0,"",IF(Calc!AC24>=1,"✖ saturated (B ≥ freq.)",IF(Calc!AC24>0.1,"⚠ B > 10% of freq.",IF(Calc!AC24=0,"⚠ no brightness",IF(Calc!AD24>0.1,"⚠ step > 10% of wr",IF(OR(AND(N($DK24)>0,IF($O24="",1,$O24)<3),AND(N($DJ24)>0,IF($O24="",1,$O24)<2)),"⚠ uses a colour above Colours = "&IF($O24="",1,$O24)&" (ignored)",IF(AND($DO24<>"",$DO24<>"No FRET",N(IF($O24="",1,$O24))<2),"⚠ FRET needs ≥ 2 colours",IF(AND($DO24<>"",$DO24<>"No FRET",N($DP24)+N($DQ24)+N($DR24)=0),"⚠ FRET: set R","✔ OK")))))))) | EK24: =IF(OR($EG24="",$EG24="No FRET",N($EH24)<=0,N(IF($AI24="",63,$AI24))<=0),"",1/(1+($EH24/IF($AI24="",63,$AI24))^6)) | EL24: =IF(OR($EG24="",$EG24="No FRET",N($EI24)<=0,N(IF($AJ24="",51,$AJ24))<=0),"",1/(1+($EI24/IF($AJ24="",51,$AJ24))^6)) | EM24: =IF(OR($EG24="",$EG24="No FRET",N($EJ24)<=0,N(IF($AK24="",68,$AK24))<=0),"",1/(1+($EJ24/IF($AK24="",68,$AK24))^6)) | EN24: =IF(OR($A24="",N($DZ24)<=0),"",IF(IF($I24="",5000,$I24)>0,$DZ24/(IF($G24="",5000,$G24)*IF($H24="",5000,$H24)*IF($I24="",5000,$I24))/1E-024/6.022E+023/0.000000001,"")) | EO24: =IF(Calc!AK24=0,"",IF(Calc!AI24>=1,"✖ saturated (B ≥ freq.)",IF(Calc!AI24>0.1,"⚠ B > 10% of freq.",IF(Calc!AI24=0,"⚠ no brightness",IF(Calc!AJ24>0.1,"⚠ step > 10% of wr",IF(OR(AND(N($EC24)>0,IF($O24="",1,$O24)<3),AND(N($EB24)>0,IF($O24="",1,$O24)<2)),"⚠ uses a colour above Colours = "&IF($O24="",1,$O24)&" (ignored)",IF(AND($EG24<>"",$EG24<>"No FRET",N(IF($O24="",1,$O24))<2),"⚠ FRET needs ≥ 2 colours",IF(AND($EG24<>"",$EG24<>"No FRET",N($EH24)+N($EI24)+N($EJ24)=0),"⚠ FRET: set R","✔ OK")))))))) | EP24: =IF($A24="","",SUM(Calc!G24,Calc!M24,Calc!S24,Calc!Y24,Calc!AE24,Calc!AK24)) | EQ24: =IF($A24="","",N($AN24)+N($BF24)+N($BX24)+N($CP24)+N($DH24)+N($DZ24)) | ER24: =IF($A24="","",SUM(Calc!B24,Calc!H24,Calc!N24,Calc!T24,Calc!Z24,Calc!AF24)) | ES24: =IF($A24="","",SUM(Calc!C24,Calc!I24,Calc!O24,Calc!U24,Calc!AA24,Calc!AG24)) | ET24: =IF($A24="","",SUM(Calc!D24,Calc!J24,Calc!P24,Calc!V24,Calc!AB24,Calc!AH24)) | EU24: =IF($A24="","",($ER24+$ES24+$ET24+IF($P24="Yes",N($Q24)*N(IF($O24="",1,$O24)),0))*1000*IF($K24="",10,$K24)/1000000) | EV24: =IF($A24="","",$EU24*1000000*12/1000000000) | EW24: =IF($A24="","",IF($EP24=0,"⚠ no species entered",IF(((LEFT($BC24,1)="✖")+(LEFT($BU24,1)="✖")+(LEFT($CM24,1)="✖")+(LEFT($DE24,1)="✖")+(LEFT($DW24,1)="✖")+(LEFT($EO24,1)="✖"))>0,"✖ "&((LEFT($BC24,1)="✖")+(LEFT($BU24,1)="✖")+(LEFT($CM24,1)="✖")+(LEFT($DE24,1)="✖")+(LEFT($DW24,1)="✖")+(LEFT($EO24,1)="✖"))&" species saturated - see the species checks",IF(MIN(IF($G24="",5000,$G24),IF($H24="",5000,$H24))<8*MAX(IF($T24="",200,$T24),IF($U24="",200,$U24),IF($V24="",200,$V24)),"⚠ box too small laterally (< 8·wr)",IF(AND(IF($I24="",5000,$I24)>0,IF($I24="",5000,$I24)<3*MAX(IF($W24="",1000,$W24),IF($X24="",1000,$X24),IF($Y24="",1000,$Y24))),"⚠ box too small axially (< 3·wz)",IF($EV24>8,"⚠ > 8 GB per file: shorten the duration and use several files",IF(((LEFT($BC24,1)="⚠")+(LEFT($BU24,1)="⚠")+(LEFT($CM24,1)="⚠")+(LEFT($DE24,1)="⚠")+(LEFT($DW24,1)="⚠")+(LEFT($EO24,1)="⚠"))>0,"⚠ "&((LEFT($BC24,1)="⚠")+(LEFT($BU24,1)="⚠")+(LEFT($CM24,1)="⚠")+(LEFT($DE24,1)="⚠")+(LEFT($DW24,1)="⚠")+(LEFT($EO24,1)="⚠"))&" species with a warning","✔ OK")))))))
AY25: =IF(OR($AU25="",$AU25="No FRET",N($AV25)<=0,N(IF($AI25="",63,$AI25))<=0),"",1/(1+($AV25/IF($AI25="",63,$AI25))^6)) | AZ25: =IF(OR($AU25="",$AU25="No FRET",N($AW25)<=0,N(IF($AJ25="",51,$AJ25))<=0),"",1/(1+($AW25/IF($AJ25="",51,$AJ25))^6)) | BA25: =IF(OR($AU25="",$AU25="No FRET",N($AX25)<=0,N(IF($AK25="",68,$AK25))<=0),"",1/(1+($AX25/IF($AK25="",68,$AK25))^6)) | BB25: =IF(OR($A25="",N($AN25)<=0),"",IF(IF($I25="",5000,$I25)>0,$AN25/(IF($G25="",5000,$G25)*IF($H25="",5000,$H25)*IF($I25="",5000,$I25))/1E-024/6.022E+023/0.000000001,"")) | BC25: =IF(Calc!G25=0,"",IF(Calc!E25>=1,"✖ saturated (B ≥ freq.)",IF(Calc!E25>0.1,"⚠ B > 10% of freq.",IF(Calc!E25=0,"⚠ no brightness",IF(Calc!F25>0.1,"⚠ step > 10% of wr",IF(OR(AND(N($AQ25)>0,IF($O25="",1,$O25)<3),AND(N($AP25)>0,IF($O25="",1,$O25)<2)),"⚠ uses a colour above Colours = "&IF($O25="",1,$O25)&" (ignored)",IF(AND($AU25<>"",$AU25<>"No FRET",N(IF($O25="",1,$O25))<2),"⚠ FRET needs ≥ 2 colours",IF(AND($AU25<>"",$AU25<>"No FRET",N($AV25)+N($AW25)+N($AX25)=0),"⚠ FRET: set R","✔ OK")))))))) | BQ25: =IF(OR($BM25="",$BM25="No FRET",N($BN25)<=0,N(IF($AI25="",63,$AI25))<=0),"",1/(1+($BN25/IF($AI25="",63,$AI25))^6)) | BR25: =IF(OR($BM25="",$BM25="No FRET",N($BO25)<=0,N(IF($AJ25="",51,$AJ25))<=0),"",1/(1+($BO25/IF($AJ25="",51,$AJ25))^6)) | BS25: =IF(OR($BM25="",$BM25="No FRET",N($BP25)<=0,N(IF($AK25="",68,$AK25))<=0),"",1/(1+($BP25/IF($AK25="",68,$AK25))^6)) | BT25: =IF(OR($A25="",N($BF25)<=0),"",IF(IF($I25="",5000,$I25)>0,$BF25/(IF($G25="",5000,$G25)*IF($H25="",5000,$H25)*IF($I25="",5000,$I25))/1E-024/6.022E+023/0.000000001,"")) | BU25: =IF(Calc!M25=0,"",IF(Calc!K25>=1,"✖ saturated (B ≥ freq.)",IF(Calc!K25>0.1,"⚠ B > 10% of freq.",IF(Calc!K25=0,"⚠ no brightness",IF(Calc!L25>0.1,"⚠ step > 10% of wr",IF(OR(AND(N($BI25)>0,IF($O25="",1,$O25)<3),AND(N($BH25)>0,IF($O25="",1,$O25)<2)),"⚠ uses a colour above Colours = "&IF($O25="",1,$O25)&" (ignored)",IF(AND($BM25<>"",$BM25<>"No FRET",N(IF($O25="",1,$O25))<2),"⚠ FRET needs ≥ 2 colours",IF(AND($BM25<>"",$BM25<>"No FRET",N($BN25)+N($BO25)+N($BP25)=0),"⚠ FRET: set R","✔ OK")))))))) | CI25: =IF(OR($CE25="",$CE25="No FRET",N($CF25)<=0,N(IF($AI25="",63,$AI25))<=0),"",1/(1+($CF25/IF($AI25="",63,$AI25))^6)) | CJ25: =IF(OR($CE25="",$CE25="No FRET",N($CG25)<=0,N(IF($AJ25="",51,$AJ25))<=0),"",1/(1+($CG25/IF($AJ25="",51,$AJ25))^6)) | CK25: =IF(OR($CE25="",$CE25="No FRET",N($CH25)<=0,N(IF($AK25="",68,$AK25))<=0),"",1/(1+($CH25/IF($AK25="",68,$AK25))^6)) | CL25: =IF(OR($A25="",N($BX25)<=0),"",IF(IF($I25="",5000,$I25)>0,$BX25/(IF($G25="",5000,$G25)*IF($H25="",5000,$H25)*IF($I25="",5000,$I25))/1E-024/6.022E+023/0.000000001,"")) | CM25: =IF(Calc!S25=0,"",IF(Calc!Q25>=1,"✖ saturated (B ≥ freq.)",IF(Calc!Q25>0.1,"⚠ B > 10% of freq.",IF(Calc!Q25=0,"⚠ no brightness",IF(Calc!R25>0.1,"⚠ step > 10% of wr",IF(OR(AND(N($CA25)>0,IF($O25="",1,$O25)<3),AND(N($BZ25)>0,IF($O25="",1,$O25)<2)),"⚠ uses a colour above Colours = "&IF($O25="",1,$O25)&" (ignored)",IF(AND($CE25<>"",$CE25<>"No FRET",N(IF($O25="",1,$O25))<2),"⚠ FRET needs ≥ 2 colours",IF(AND($CE25<>"",$CE25<>"No FRET",N($CF25)+N($CG25)+N($CH25)=0),"⚠ FRET: set R","✔ OK")))))))) | DA25: =IF(OR($CW25="",$CW25="No FRET",N($CX25)<=0,N(IF($AI25="",63,$AI25))<=0),"",1/(1+($CX25/IF($AI25="",63,$AI25))^6)) | DB25: =IF(OR($CW25="",$CW25="No FRET",N($CY25)<=0,N(IF($AJ25="",51,$AJ25))<=0),"",1/(1+($CY25/IF($AJ25="",51,$AJ25))^6)) | DC25: =IF(OR($CW25="",$CW25="No FRET",N($CZ25)<=0,N(IF($AK25="",68,$AK25))<=0),"",1/(1+($CZ25/IF($AK25="",68,$AK25))^6)) | DD25: =IF(OR($A25="",N($CP25)<=0),"",IF(IF($I25="",5000,$I25)>0,$CP25/(IF($G25="",5000,$G25)*IF($H25="",5000,$H25)*IF($I25="",5000,$I25))/1E-024/6.022E+023/0.000000001,"")) | DE25: =IF(Calc!Y25=0,"",IF(Calc!W25>=1,"✖ saturated (B ≥ freq.)",IF(Calc!W25>0.1,"⚠ B > 10% of freq.",IF(Calc!W25=0,"⚠ no brightness",IF(Calc!X25>0.1,"⚠ step > 10% of wr",IF(OR(AND(N($CS25)>0,IF($O25="",1,$O25)<3),AND(N($CR25)>0,IF($O25="",1,$O25)<2)),"⚠ uses a colour above Colours = "&IF($O25="",1,$O25)&" (ignored)",IF(AND($CW25<>"",$CW25<>"No FRET",N(IF($O25="",1,$O25))<2),"⚠ FRET needs ≥ 2 colours",IF(AND($CW25<>"",$CW25<>"No FRET",N($CX25)+N($CY25)+N($CZ25)=0),"⚠ FRET: set R","✔ OK")))))))) | DS25: =IF(OR($DO25="",$DO25="No FRET",N($DP25)<=0,N(IF($AI25="",63,$AI25))<=0),"",1/(1+($DP25/IF($AI25="",63,$AI25))^6)) | DT25: =IF(OR($DO25="",$DO25="No FRET",N($DQ25)<=0,N(IF($AJ25="",51,$AJ25))<=0),"",1/(1+($DQ25/IF($AJ25="",51,$AJ25))^6)) | DU25: =IF(OR($DO25="",$DO25="No FRET",N($DR25)<=0,N(IF($AK25="",68,$AK25))<=0),"",1/(1+($DR25/IF($AK25="",68,$AK25))^6)) | DV25: =IF(OR($A25="",N($DH25)<=0),"",IF(IF($I25="",5000,$I25)>0,$DH25/(IF($G25="",5000,$G25)*IF($H25="",5000,$H25)*IF($I25="",5000,$I25))/1E-024/6.022E+023/0.000000001,"")) | DW25: =IF(Calc!AE25=0,"",IF(Calc!AC25>=1,"✖ saturated (B ≥ freq.)",IF(Calc!AC25>0.1,"⚠ B > 10% of freq.",IF(Calc!AC25=0,"⚠ no brightness",IF(Calc!AD25>0.1,"⚠ step > 10% of wr",IF(OR(AND(N($DK25)>0,IF($O25="",1,$O25)<3),AND(N($DJ25)>0,IF($O25="",1,$O25)<2)),"⚠ uses a colour above Colours = "&IF($O25="",1,$O25)&" (ignored)",IF(AND($DO25<>"",$DO25<>"No FRET",N(IF($O25="",1,$O25))<2),"⚠ FRET needs ≥ 2 colours",IF(AND($DO25<>"",$DO25<>"No FRET",N($DP25)+N($DQ25)+N($DR25)=0),"⚠ FRET: set R","✔ OK")))))))) | EK25: =IF(OR($EG25="",$EG25="No FRET",N($EH25)<=0,N(IF($AI25="",63,$AI25))<=0),"",1/(1+($EH25/IF($AI25="",63,$AI25))^6)) | EL25: =IF(OR($EG25="",$EG25="No FRET",N($EI25)<=0,N(IF($AJ25="",51,$AJ25))<=0),"",1/(1+($EI25/IF($AJ25="",51,$AJ25))^6)) | EM25: =IF(OR($EG25="",$EG25="No FRET",N($EJ25)<=0,N(IF($AK25="",68,$AK25))<=0),"",1/(1+($EJ25/IF($AK25="",68,$AK25))^6)) | EN25: =IF(OR($A25="",N($DZ25)<=0),"",IF(IF($I25="",5000,$I25)>0,$DZ25/(IF($G25="",5000,$G25)*IF($H25="",5000,$H25)*IF($I25="",5000,$I25))/1E-024/6.022E+023/0.000000001,"")) | EO25: =IF(Calc!AK25=0,"",IF(Calc!AI25>=1,"✖ saturated (B ≥ freq.)",IF(Calc!AI25>0.1,"⚠ B > 10% of freq.",IF(Calc!AI25=0,"⚠ no brightness",IF(Calc!AJ25>0.1,"⚠ step > 10% of wr",IF(OR(AND(N($EC25)>0,IF($O25="",1,$O25)<3),AND(N($EB25)>0,IF($O25="",1,$O25)<2)),"⚠ uses a colour above Colours = "&IF($O25="",1,$O25)&" (ignored)",IF(AND($EG25<>"",$EG25<>"No FRET",N(IF($O25="",1,$O25))<2),"⚠ FRET needs ≥ 2 colours",IF(AND($EG25<>"",$EG25<>"No FRET",N($EH25)+N($EI25)+N($EJ25)=0),"⚠ FRET: set R","✔ OK")))))))) | EP25: =IF($A25="","",SUM(Calc!G25,Calc!M25,Calc!S25,Calc!Y25,Calc!AE25,Calc!AK25)) | EQ25: =IF($A25="","",N($AN25)+N($BF25)+N($BX25)+N($CP25)+N($DH25)+N($DZ25)) | ER25: =IF($A25="","",SUM(Calc!B25,Calc!H25,Calc!N25,Calc!T25,Calc!Z25,Calc!AF25)) | ES25: =IF($A25="","",SUM(Calc!C25,Calc!I25,Calc!O25,Calc!U25,Calc!AA25,Calc!AG25)) | ET25: =IF($A25="","",SUM(Calc!D25,Calc!J25,Calc!P25,Calc!V25,Calc!AB25,Calc!AH25)) | EU25: =IF($A25="","",($ER25+$ES25+$ET25+IF($P25="Yes",N($Q25)*N(IF($O25="",1,$O25)),0))*1000*IF($K25="",10,$K25)/1000000) | EV25: =IF($A25="","",$EU25*1000000*12/1000000000) | EW25: =IF($A25="","",IF($EP25=0,"⚠ no species entered",IF(((LEFT($BC25,1)="✖")+(LEFT($BU25,1)="✖")+(LEFT($CM25,1)="✖")+(LEFT($DE25,1)="✖")+(LEFT($DW25,1)="✖")+(LEFT($EO25,1)="✖"))>0,"✖ "&((LEFT($BC25,1)="✖")+(LEFT($BU25,1)="✖")+(LEFT($CM25,1)="✖")+(LEFT($DE25,1)="✖")+(LEFT($DW25,1)="✖")+(LEFT($EO25,1)="✖"))&" species saturated - see the species checks",IF(MIN(IF($G25="",5000,$G25),IF($H25="",5000,$H25))<8*MAX(IF($T25="",200,$T25),IF($U25="",200,$U25),IF($V25="",200,$V25)),"⚠ box too small laterally (< 8·wr)",IF(AND(IF($I25="",5000,$I25)>0,IF($I25="",5000,$I25)<3*MAX(IF($W25="",1000,$W25),IF($X25="",1000,$X25),IF($Y25="",1000,$Y25))),"⚠ box too small axially (< 3·wz)",IF($EV25>8,"⚠ > 8 GB per file: shorten the duration and use several files",IF(((LEFT($BC25,1)="⚠")+(LEFT($BU25,1)="⚠")+(LEFT($CM25,1)="⚠")+(LEFT($DE25,1)="⚠")+(LEFT($DW25,1)="⚠")+(LEFT($EO25,1)="⚠"))>0,"⚠ "&((LEFT($BC25,1)="⚠")+(LEFT($BU25,1)="⚠")+(LEFT($CM25,1)="⚠")+(LEFT($DE25,1)="⚠")+(LEFT($DW25,1)="⚠")+(LEFT($EO25,1)="⚠"))&" species with a warning","✔ OK")))))))
